npi,entity_type,name,org_name,last_name,first_name,middle_name,credential,gender,primary_taxonomy,all_taxonomies,addr1,addr2,city,state,zip5,zip,phone,enumeration_date,last_update
1932102134,individual,JOSEPH I RAMZY,,RAMZY,JOSEPH,I,MD,M,207Y00000X,207Y00000X,774 CHRISTIANA RD,SUITE 107,NEWARK,DE,19713,197134236,3027090860,2005-05-23,2007-07-09
1205839321,individual,BRADLEY MUDGE,,MUDGE,BRADLEY,,,M,208600000X,208600000X,4735 OGLETOWN STANTON RD STE 3301,,NEWARK,DE,19713,197137021,3026234370,2005-05-23,2021-06-15
1427051226,individual,STEVEN E TOOZE,,TOOZE,STEVEN,E,M.D.,M,207X00000X,207X00000X,285 BEISER BLVD STE 201,,DOVER,DE,19904,199047804,3027312888,2005-05-24,2024-01-25
1083617047,individual,MARK A SORDI,,SORDI,MARK,A,MD,M,207Q00000X,207Q00000X,20251 JOHN J WILLIAMS HWY,,LEWES,DE,19958,199584314,3026446860,2005-05-24,2017-01-26
1205839164,organization,MID-ATLANTIC FAMILY PRACTICE,MID-ATLANTIC FAMILY PRACTICE,,,,,,207Q00000X,207Q00000X,20251 JOHN J WILLIAMS HWY,,LEWES,DE,19958,199584314,3026446860,2005-05-24,2022-06-10
1013910926,organization,CHRISTIANA CARE HEALTH SYSTEMS/VNA/HOME MEDICAL EQUIPMENT,CHRISTIANA CARE HEALTH SYSTEMS/VNA/HOME MEDICAL EQUIPMENT,,,,,,332B00000X,332B00000X,210 EXECUTIVE DR,STE 7,NEWARK,DE,19702,197023335,3024522941,2005-05-24,2020-08-22
1245233105,individual,JOSEPH BRIAN PRIGG,,PRIGG,JOSEPH,BRIAN,"PA-C,PHD",M,363A00000X,363A00000X,379 WALMART DR STE A,,CAMDEN,DE,19934,199341365,3026984441,2005-05-24,2025-03-17
1437152337,individual,JOSEPH A. LUCCA,,LUCCA,JOSEPH,A.,"PT, PHD, GCS",M,2251G0304X,2251G0304X,2806 BAYNARD BLVD,,WILMINGTON,DE,19802,198022968,3027501258,2005-05-24,2010-07-11
1356344816,individual,RODRIGO CORDERO TANCHANCO,,TANCHANCO,RODRIGO,CORDERO,MD,M,207R00000X,207R00000X,102 SLEEPY HOLLOW DR,SUITE 101,MIDDLETOWN,DE,19709,197095841,3023769888,2005-05-27,2011-02-08
1578566170,individual,LAMBERTO MAGNO ARELLANO,,ARELLANO,LAMBERTO,MAGNO,MD,M,207RH0003X,207RH0003X,811 MONROE TER,,DOVER,DE,19904,199044117,3027343537,2005-05-27,2009-11-02
1487657102,individual,CHRISTOPHER A BOWENS,,BOWENS,CHRISTOPHER,A,M.D.,M,207RC0000X,207RC0000X,2600 GLASGOW AVE,SUITE 108,NEWARK,DE,19702,19702,3028343700,2005-05-27,2017-10-17
1912900630,individual,JAMES T HOPKINS,,HOPKINS,JAMES,T,M.D.,M,207RC0000X,207RI0011X|207RC0000X,252 CHAPMAN ROAD,SUITE 150,NEWARK,DE,19702,19702,3026231929,2005-05-27,2017-01-27
1144223850,individual,ERIK S MARSHALL,,MARSHALL,ERIK,S,M.D.,M,207RC0000X,207RC0000X,4755 OGLETOWN STANTON RD,CHRISTIANA HOSPITAL SUITE 1E30,NEWARK,DE,19718,197182200,3026231929,2005-05-27,2017-03-08
1720081391,individual,RICHARD CAMPBELL PAUL,,PAUL,RICHARD,CAMPBELL,M.D.,M,208800000X,208800000X,34431 KING STREET ROW,,LEWES,DE,19958,199584787,3026452666,2005-05-27,2014-08-26
1396748943,individual,ANTOINETTE M PTAK,,PTAK,ANTOINETTE,M,M.D.,F,208800000X,208800000X,101 WELLNESS WAY STE 300,,MILFORD,DE,19963,199634366,3025032460,2005-05-27,2023-05-11
1982607677,organization,DELAWARE HEART GROUP PA,DELAWARE HEART GROUP PA,,,,,,207RC0000X,207RC0000X,4735 OGLETOWN STANTON ROAD,MEDICAL ARTS PAVILION 2 SUITE 2123,NEWARK,DE,19713,19713,3025041860,2005-05-27,2008-03-04
1881697589,individual,JOSEPH T WEST,,WEST,JOSEPH,T,M.D.,M,207RC0000X,207RC0000X|207RI0011X,4735 OGLETOWN STANTON RD STE 2123,,NEWARK,DE,19713,197138000,3022253888,2005-05-27,2019-02-21
1962405589,individual,SUZIE H LONG,,LONG,SUZIE,H,C.R.N.P.,F,363L00000X,363L00000X,3411 SILVERSIDE RD STE 100,,WILMINGTON,DE,19810,198104811,3025435454,2005-05-27,2023-08-15
1619970258,individual,DELBERT J KWAN,,KWAN,DELBERT,J,M.D.,M,208800000X,208800000X,34431 KING STREET ROW,,LEWES,DE,19958,199584787,3026452666,2005-05-27,2010-02-22
1962405506,organization,"COMPASSIONATE CARE HOSPICE OF DELAWARE, LLC","COMPASSIONATE CARE HOSPICE OF DELAWARE, LLC",,,,,,251G00000X,251G00000X,111 CONTINENTAL DR STE 407,,NEWARK,DE,19713,197134332,3029939090,2005-05-27,2026-03-20
1558364190,individual,DONALD D. SUH,,SUH,DONALD,D.,M.D.,M,208800000X,208800000X,200 BANNING ST,SUITE 250,DOVER,DE,19904,19904,3027361320,2005-05-27,2008-09-29
1437152154,organization,"CHRISTIANA CARE HOME HEALTH AND COMMUNITY SERVICES, INC.","CHRISTIANA CARE HOME HEALTH AND COMMUNITY SERVICES, INC.",,,,,,251E00000X,104100000X|251E00000X,4000 NEXUS DR,,WILMINGTON,DE,19803,198033000,3024282700,2005-05-27,2026-03-26
1932102647,individual,JOSEPH C PENNINGTON,,PENNINGTON,JOSEPH,C,M.D.,M,207RC0001X,207RC0001X,701 N CLAYTON ST STE 533A,,WILMINGTON,DE,19805,198053165,3024214828,2005-05-27,2021-05-18
1841293438,organization,"CHRISTIANA CARE HOME HEALTH AND COMMUNITY SERVICES, INC.","CHRISTIANA CARE HOME HEALTH AND COMMUNITY SERVICES, INC.",,,,,,251E00000X,104100000X|251E00000X,100 S MAIN ST,,SMYRNA,DE,19977,199771477,3024282700,2005-05-27,2026-03-26
1295738896,organization,ST. FRANCIS HOSPITAL INC.,ST. FRANCIS HOSPITAL INC.,,,,,,282N00000X,282N00000X,701 N CLAYTON ST,,WILMINGTON,DE,19805,198053165,3024214100,2005-05-27,2025-06-02
1063415651,individual,SUSAN L CHUDZIK,,CHUDZIK,SUSAN,L,CRNP,F,363LF0000X,363LF0000X,4735 OGLETOWN STANTON RD,MAPII SUITE 2123,NEWARK,DE,19713,197132072,3022253888,2005-05-27,2016-11-08
1205839842,individual,LORETTA A HIGGINS,,HIGGINS,LORETTA,A,NP,F,363L00000X,363L00000X,530 S STATE ST STE 107,,DOVER,DE,19901,199013562,3026085299,2005-05-27,2023-09-22
1134122583,individual,COLLEEN MURPHY BUFFINGTON,,BUFFINGTON,COLLEEN,MURPHY,D.O.,F,2085R0202X,2085R0202X,24 OMEGA DR # J,,NEWARK,DE,19713,197136020,3027373571,2005-05-31,2025-09-12
1578566907,organization,"MILLSBORO FAMILY PRACTICE, P.A.","MILLSBORO FAMILY PRACTICE, P.A.",,,,,,207Q00000X,207Q00000X,201 LAUREL RD,,MILLSBORO,DE,19966,199661732,3029347344,2005-05-31,2020-08-22
1730182155,individual,JEANNE T MCCONNELL,,MCCONNELL,JEANNE,T,APRN,F,363LC0200X,363LC0200X,4765 OGLETOWN STANTON RD,SUITE 1E20,NEWARK,DE,19713,197138003,3027335700,2005-05-31,2009-12-16
1598768806,individual,STEPHEN G MANIFOLD,,MANIFOLD,STEPHEN,G,M.D.,M,207X00000X,207X00000X,285 BEISER BLVD STE 201,,DOVER,DE,19904,199047804,3027312888,2005-05-31,2024-01-25
1366445777,individual,CURTIS JAMES LECIEJEWSKI,,LECIEJEWSKI,CURTIS,JAMES,D.D.S.,M,122300000X,122300000X,19643 BLUE BIRD LN,STE 1,REHOBOTH BEACH,DE,19971,199716129,3022267960,2005-05-31,2012-04-03
1336142751,individual,NANCY FAN,,FAN,NANCY,,MD,F,207V00000X,207V00000X,532 GREENHILL AVE,,WILMINGTON,DE,19805,198051851,3027782229,2005-05-31,2021-05-17
1134122559,individual,CAROLYN M MOFFA,,MOFFA,CAROLYN,M,FNP,F,363LF0000X,363LF0000X,1 CENTURIAN DR,STE 200,NEWARK,DE,19713,197132137,3023668600,2005-05-31,2016-11-08
1780687053,individual,J MATTHEW HANLING,,HANLING,J,MATTHEW,"PT, CERT, MDT",M,225100000X,225100000X,5307 LIMESTONE RD,SUITE 203,WILMINGTON,DE,19808,198081268,3022348170,2005-05-31,2015-09-30
1104829472,individual,GENA R KORRELL,,KORRELL,GENA,R,"MPT, CERT, MDT",F,225100000X,225100000X,2323 PENNSYLVANIA AVE,2ND FLOOR,WILMINGTON,DE,19806,198061332,3028882551,2005-05-31,2007-09-27
1881698116,individual,RICHARD SALVATORE GRIFASI,,GRIFASI,RICHARD,SALVATORE,OD,M,152W00000X,152W00000X,17425 OCEAN ONE PLAZA,UNIT 2,LEWES,DE,19958,19958,3026441039,2005-06-01,2019-02-19
1801898143,individual,ANTHONY M CARISTO,,CARISTO,ANTHONY,M,DPM,M,213ES0103X,213ES0103X,774 CHRISTIANA RD,STE 105,NEWARK,DE,19713,197132067,3026234250,2005-06-01,2008-03-20
1902808264,individual,NOEL MAGNO ANUPOL,,ANUPOL,NOEL,MAGNO,"MD, FACOG",M,207V00000X,207V00000X,7195 CEDAR CREEK RD,,LINCOLN,DE,19960,199602667,3025030471,2005-06-01,2021-05-25
1356343552,individual,ANDREJS V STRAUSS,,STRAUSS,ANDREJS,V,M.D.,M,2085R0001X,2085R0001X,18947 JOHN J WILLIAMS HWY,TUNNELL CANCER CENTER,REHOBOTH BEACH,DE,19971,199714474,3026453775,2005-06-01,2012-06-15
1396747432,individual,GARY E RAFFEL,,RAFFEL,GARY,E,D.O.,M,207R00000X,207R00000X,16529 COASTAL HWY,,LEWES,DE,19958,199583696,3026842000,2005-06-01,2022-07-21
1760484018,individual,CHRISTINE EDITH KERSHNER HORAH,,HORAH,CHRISTINE,EDITH KERSHNER,D.O.,F,207Q00000X,207Q00000X,412 SUBURBAN PLZ,,NEWARK,DE,19711,197113564,3027383770,2005-06-01,2011-05-19
1568464816,individual,RAYMOND A DIPRETORO,,DIPRETORO,RAYMOND,A,DPM,M,213ES0103X,213ES0103X,774 CHRISTIANA RD,STE 105,NEWARK,DE,19713,197134236,3026234250,2005-06-01,2010-01-13
1427050665,individual,LISA ANN MARTIN,,MARTIN,LISA,ANN,D.O.,F,207Q00000X,207Q00000X,200 HYGEIA DR,,NEWARK,DE,19713,197132049,3022731701,2005-06-01,2025-02-24
1407858509,individual,MARY CONRAD,,CONRAD,MARY,,WHNP,F,363LX0001X,363LW0102X|363LX0001X,805 RIVER RD,,DOVER,DE,19901,199013753,3027394728,2005-06-02,2026-07-13
1508868696,individual,ELSA T GOLDSTEIN,,GOLDSTEIN,ELSA,T,M.D.,F,208C00000X,208C00000X,36502 WARWICK DR,,REHOBOTH BEACH,DE,19971,199711320,3025032700,2005-06-02,2022-04-28
1306840236,individual,JEFFREY P HILOVSKY,,HILOVSKY,JEFFREY,P,O.D.,M,152W00000X,152W00000X,502 W MARKET ST,STE A,GEORGETOWN,DE,19947,199472322,3028562020,2005-06-09,2010-01-19
1700880523,individual,KENNETH PETER MILLER,,MILLER,KENNETH,PETER,"PH.D., RN, CFNP",M,363LF0000X,363LF0000X,27 MARROWS RD,,NEWARK,DE,19713,197133701,3025751414,2005-06-09,2008-06-24
1609870468,individual,ROBIN SECOULER,,SECOULER,ROBIN,,CRNA,F,367500000X,367500000X,111 CONTINENTAL DR,SUITE 412,NEWARK,DE,19713,197134306,3027094497,2005-06-09,2007-07-08
1548264427,organization,AMERICAN LEGION AMBULANCE STATION 64 INC,AMERICAN LEGION AMBULANCE STATION 64 INC,,,,,,3416L0300X,341600000X|3416L0300X,900 SMYRNA CLAYTON BLVD,,SMYRNA,DE,19977,199772230,3026536465,2005-06-09,2026-04-07
1245234087,individual,KATHLEEN A KLOTON,,KLOTON,KATHLEEN,A,CRNA,F,367500000X,367500000X,111 CONTINENTAL DR,SUITE 412,NEWARK,DE,19713,197134306,3027094497,2005-06-09,2007-07-08
1710981584,individual,EDWARD J HYNES,,HYNES,EDWARD,J,D.P.M.,M,213E00000X,213E00000X,1418 S STATE ST,,DOVER,DE,19901,199014948,3027347474,2005-06-09,2007-11-06
1447254073,individual,WENDY NEWELL,,NEWELL,WENDY,,M.D.,F,174400000X,174400000X,103 WOLF CREEK BLVD,SUITE 1,DOVER,DE,19901,199014915,3026742420,2005-06-10,2010-02-24
1811991565,individual,ERIC T SCHWARTZ,,SCHWARTZ,ERIC,T,MD,M,207X00000X,207X00000X,230 BEISER BLVD,STE 100,DOVER,DE,19904,199047791,3027300840,2005-06-10,2008-07-21
1184628760,individual,ANDREAS RAUER,,RAUER,ANDREAS,,M.D.,M,207W00000X,207W00000X,16 OLD RUDNICK LN,,DOVER,DE,19901,199014912,3027341760,2005-06-10,2007-12-20
1942204433,individual,UCHE HENRY ISIOCHA,,ISIOCHA,UCHE,HENRY,MD,M,207Q00000X,207Q00000X,640 S. QUEEN STREET,,DOVER,DE,19904,19904,3022575334,2005-06-13,2021-01-18
1023012515,individual,HELEN A. MASHEK,,MASHEK,HELEN,A.,MD,F,207N00000X,207N00000X,537 STANTON CHRISTIANA RD,SUITE # 207,NEWARK,DE,19713,197132146,3026337550,2005-06-13,2016-05-24
1801890397,individual,CHRISTOPHER M CONTI,,CONTI,CHRISTOPHER,M,MD,M,207ND0101X,207ND0101X,537 STANTON CHRISTIANA RD,SUITE # 107,NEWARK,DE,19713,197132146,3026337550,2005-06-13,2007-09-12
1881698389,individual,THOMAS J. BURKE,,BURKE,THOMAS,J.,D.O.,M,207N00000X,207N00000X,774 CHRISTIANA RD STE 107,,NEWARK,DE,19713,197134248,3022303376,2005-06-13,2021-04-06
1669476164,individual,PAUL SABINI,,SABINI,PAUL,,M.D.,M,2082S0099X,2082S0099X,537 STANTON CHRISTIANA RD,SUITE # 107,NEWARK,DE,19713,197132146,3026337550,2005-06-13,2021-06-23
1811991334,individual,BRETT ELLIOTT,,ELLIOTT,BRETT,,MD,M,207W00000X,207W00000X,521 S DUPONT HWY,,MILFORD,DE,19963,199631757,3024223034,2005-06-13,2011-01-02
1104820620,individual,J HAMILTON EASTER,,EASTER,J,HAMILTON,M.D.,M,207X00000X,207X00000X,720 S QUEEN ST,,DOVER,DE,19904,199043567,3027358705,2005-06-13,2011-05-17
1053315531,individual,PAUL W FORD,,FORD,PAUL,W,M.D.,M,207Q00000X,207Q00000X,870 S GOVERNORS AVE,,DOVER,DE,19904,199044108,3026748088,2005-06-13,2010-07-01
1922002401,individual,PETER B. PANZER,,PANZER,PETER,B.,M.D.,M,207N00000X,207N00000X,537 STANTON CHRISTIANA RD,SUITE # 207,NEWARK,DE,19713,197132146,3026337550,2005-06-13,2016-05-24
1659375061,organization,REHABCLINICS SPT INC,REHABCLINICS SPT INC,,,,,,261QP2000X,225100000X|225400000X|261QP2000X,3567 SILVERSIDE ROAD,,WILMINGTON,DE,19810,198104945,3025291911,2005-06-13,2026-06-29
1467456863,organization,REHABCLINICS SPT INC,REHABCLINICS SPT INC,,,,,,261QP2000X,261QP2000X,550 STANTON CHRISTIANA RD,,NEWARK,DE,19713,197132198,3026337815,2005-06-13,2010-08-31
1942205265,individual,CARRIE S KEANE,,KEANE,CARRIE,S,CNM,F,367A00000X,367A00000X,200 BANNING ST STE 320,,DOVER,DE,19904,199043488,3026740223,2005-06-14,2023-04-18
1538164918,organization,BAYSIDE HEALTH ASSOCIATION,BAYSIDE HEALTH ASSOCIATION,,,,,,207V00000X,207V00000X|208D00000X|237600000X|367A00000X,1535 SAVANNAH RD,,LEWES,DE,19958,199581611,3026454700,2005-06-14,2010-09-23
1932104320,individual,STEVEN BERLIN,,BERLIN,STEVEN,,MD,M,207V00000X,207V00000X,1535 SAVANNAH RD,,LEWES,DE,19958,199581611,3026454700,2005-06-14,2024-12-02
1508861907,individual,JOHN GIULIANO,,GIULIANO,JOHN,,DO,M,208D00000X,208D00000X,500 WEST 10TH STREET,,WILMINGTON,DE,19801,19801,3029843380,2005-06-14,2007-07-09
1457356875,individual,STACEY A KEMP,,KEMP,STACEY,A,WHNP,F,363LW0102X,163W00000X|363L00000X|363LW0102X,21444 CARMEAN WAY,,GEORGETOWN,DE,19947,199474572,3026743970,2005-06-14,2026-09-09
1831194224,individual,MEHDI BALAKHANI,,BALAKHANI,MEHDI,,"M.D., D.D.S., PA",M,174400000X,174400000X,4745 OGLETOWN STANTON RD,"MAP #1, SUITE 226",NEWARK,DE,19713,197132067,3023688900,2005-06-14,2010-03-01
1194720581,individual,LEO H ESCHBACH,,ESCHBACH,LEO,H,DO,M,207V00000X,207V00000X,1535 SAVANNAH RD,,LEWES,DE,19958,199581611,3026454700,2005-06-14,2007-07-09
1417952730,individual,SARA W RUBY,,RUBY,SARA,W,CNM,F,367A00000X,367A00000X,1535 SAVANNAH RD,,LEWES,DE,19958,199581611,3026454700,2005-06-14,2007-07-09
1780689000,individual,ANN MARIE STAFFORD,,STAFFORD,ANN,MARIE,CNM,F,367A00000X,367A00000X,1535 SAVANNAH RD,,LEWES,DE,19958,199581611,3026454700,2005-06-14,2015-03-03
1730184938,individual,JOHN J LUDWICKI,,LUDWICKI,JOHN,J,MD,M,2080A0000X,2080A0000X,424 MULBERRY ST,,MILTON,DE,19968,199681628,3026840561,2005-06-15,2011-11-10
1841295136,individual,WILLIAM A. ROSENFELD,,ROSENFELD,WILLIAM,A.,M.D.,M,207PE0004X,207PE0004X,640 S STATE ST,,DOVER,DE,19901,199013530,3027446274,2005-06-15,2008-04-16
1972508190,organization,"ACTS RETIREMENT-LIFE COMMUNITIES, INC.","ACTS RETIREMENT-LIFE COMMUNITIES, INC.",,,,,,314000000X,314000000X,726 LOVEVILLE ROAD,,HOCKESSIN,DE,19707,197071515,3022356000,2005-06-15,2024-02-20
1548265770,organization,"ACTS RETIREMENT-LIFE COMMUNITIES, INC.","ACTS RETIREMENT-LIFE COMMUNITIES, INC.",,,,,,314000000X,314000000X,4830 KENNETT PIKE,,WILMINGTON,DE,19807,198071866,3026545101,2005-06-15,2024-02-20
1407851645,organization,FRANCISCAN ELDERCARE CORP,FRANCISCAN ELDERCARE CORP,,,,,,314000000X,314000000X,100 SAINT CLAIRE DRIVE,,HOCKESSIN,DE,19707,197078906,3022345420,2005-06-15,2012-07-11
1245235365,individual,ELIZABETH KORNFIELD CHADWELL,,KORNFIELD CHADWELL,ELIZABETH,,MD,F,208800000X,208800000X,100 RAWLINS DRIVE,,SEAFORD,DE,19973,199739999,3026294299,2005-06-15,2015-12-03
1104821198,individual,MARC KATTELMAN,,KATTELMAN,MARC,,D.O.,M,207QG0300X,207QG0300X,RR 5 BOX 79,,SELBYVILLE,DE,19975,199759706,3024369600,2005-06-16,2026-07-13
1457356586,individual,CHRISTOPHER D CASSCELLS,,CASSCELLS,CHRISTOPHER,D,MD,M,207X00000X,207X00000X,2600 GLASGOW AVE.,SUITE 104,NEWARK,DE,19702,197025703,3028326220,2005-06-16,2016-06-30
1447255591,individual,SANDRA E ELLIOTT,,ELLIOTT,SANDRA,E,"CNM, MSN",F,367A00000X,163W00000X|367A00000X,540 S COLLEGE AVE,SUITE 130,NEWARK,DE,19713,197131302,3028313195,2005-06-16,2015-04-06
1841295912,individual,ANDREW S REISMAN,,REISMAN,ANDREW,S,MD,M,207QS0010X,207QS0010X,3505 SILVERSIDE RD,STE 100,WILMINGTON,DE,19810,198104904,3024770900,2005-06-16,2026-07-13
1174528251,individual,JUDITH B GORRA,,GORRA,JUDITH,B,MD,F,208000000X,208000000X,18947 JOHN J WILLIAMS HWY,SUITE 212,REHOBOTH BEACH,DE,19971,199714476,3026458212,2005-06-16,2012-04-03
1386649424,individual,MARIA D PEREZ,,PEREZ,MARIA,D,MD,F,207R00000X,207R00000X,1701 AUGUSTINE CUT OFF,"BUILDING 1, SUITE 12",WILMINGTON,DE,19803,198034415,3025710730,2005-06-16,2007-10-17
1629073606,individual,SRIDEVI DONEPUDI,,DONEPUDI,SRIDEVI,,M.D.,F,207Q00000X,207Q00000X,239 CHRISTIANA RD,,NEW CASTLE,DE,19720,197202907,3023277630,2005-06-16,2016-11-02
1306841465,individual,DAVID K SOLACOFF,,SOLACOFF,DAVID,K,MD,M,207X00000X,207X00000X,1941 LIMESTONE RD,STE 101,WILMINGTON,DE,19808,198085408,3026559494,2005-06-16,2013-04-02
1003811183,individual,LEA ANN MENEAR,,MENEAR,LEA,ANN,O.D.,F,152W00000X,152W00000X,2710 CENTERVILLE RD STE 102,,WILMINGTON,DE,19808,198081652,3029931300,2005-06-16,2019-11-07
1558366633,individual,MARTIN I GOLDING,,GOLDING,MARTIN,I,M.D.,M,207R00000X,207RG0100X|207R00000X,700 MARVEL RD,,MILFORD,DE,19963,199631740,9543772939,2005-06-16,2022-08-29
1609871797,individual,NANCY M GIDEON,,GIDEON,NANCY,M,MD,F,208000000X,208000000X,18947 JOHN J WILLIAMS HWY,SUITE 212,REHOBOTH BEACH,DE,19971,199714476,3026458212,2005-06-16,2023-01-17
1386649390,individual,JEFFREY J HECKERT,,HECKERT,JEFFREY,J,MD,M,207Q00000X,207Q00000X,20251 JOHN J WILLIAMS HWY,,LEWES,DE,19958,199584314,3026446860,2005-06-16,2015-01-21
1598760506,individual,CATHY HAINES CIOLEK,,CIOLEK,CATHY,HAINES,"PT, GCS",F,2251G0304X,2251G0304X,"053 MCKINLY LAB, DELAWARE AVE","UNIVERSITY OF DELAWARE, NOA CLINIC",NEWARK,DE,19716,19716,3028318893,2005-06-16,2007-07-08
1518962497,individual,ROSEMARIE CIARROCCHI,,CIARROCCHI,ROSEMARIE,,PA-C,F,174400000X,174400000X,71 OMEGA DR,BUILDING D,NEWARK,DE,19713,197132063,3022833300,2005-06-16,2007-11-26
1962407858,individual,CYNTHIA L MARTIN,,MARTIN,CYNTHIA,L,NP,F,363L00000X,363L00000X,540 S GOVERNORS AVE,STE 100,DOVER,DE,19904,199043530,3027447994,2005-06-16,2011-10-18
1548265580,individual,CATHERINE O DELUCA,,DELUCA,CATHERINE,O,MD,F,207Q00000X,207Q00000X,20251 JOHN J WILLIAMS HWY,,LEWES,DE,19958,199584314,3026446860,2005-06-16,2017-01-26
1669477618,individual,ERANGA HATHTHOTUWA,,HATHTHOTUWA,ERANGA,,MD,M,207RC0000X,207RC0000X,200 BANNING ST STE 310,,DOVER,DE,19904,19904,3027477486,2005-06-16,2018-12-13
1790780534,individual,JOHN B FERGUSON,,FERGUSON,JOHN,B,MD,M,207W00000X,207W00000X,2710 CENTERVILLE RD,STE 102,WILMINGTON,DE,19808,198081652,3029931300,2005-06-17,2012-10-25
1306841010,individual,STEWERT GREGORY SMITH,,SMITH,STEWERT,GREGORY,MD,M,207W00000X,207W00000X,2710 CENTERVILLE RD,STE 102,WILMINGTON,DE,19808,198081644,3029931300,2005-06-17,2012-12-20
1336144047,individual,LAURA F. HALL,,HALL,LAURA,F.,MD,F,208000000X,208000000X|208D00000X,200 CLEAVER FARM ROAD,SUITE 201,MIDDLETOWN,DE,19709,197091630,3023785100,2005-06-17,2011-12-27
1518962315,organization,"ACTS SIGNATURE COMMUNITY SERVICES, INC.","ACTS SIGNATURE COMMUNITY SERVICES, INC.",,,,,,207R00000X,207R00000X,726 LOVEVILLE RD,,HOCKESSIN,DE,19707,197071515,3022356066,2005-06-17,2024-02-20
1174528772,individual,PRENTISS WAYNE ADKINS,,ADKINS,PRENTISS,WAYNE,D.O.,M,207QA0505X,207QA0505X,29475 VINES CREEK RD,,DAGSBORO,DE,19939,199393839,3027329593,2005-06-20,2026-07-13
1548265168,individual,OMOWUMI O OLURIN,,OLURIN,OMOWUMI,O,M.D,F,207R00000X,207R00000X,1403 N RODNEY ST,,WILMINGTON,DE,19806,198064218,3026544800,2005-06-20,2008-04-30
1093710691,individual,TEMIDAYO ADEKOYEJO OLURIN,,OLURIN,TEMIDAYO,ADEKOYEJO,M.D.,M,207W00000X,207W00000X,1403 N RODNEY ST,,WILMINGTON,DE,19806,198064218,3026544800,2005-06-20,2008-04-25
1417952987,individual,LOUIS JOHN BERGES,,BERGES,LOUIS,JOHN,MD,M,207L00000X,207L00000X,801 MIDDLEFORD RD,NANTICOKE HOSPITAL,SEAFORD,DE,19973,19973,3026296611,2005-06-20,2018-05-30
1669477139,individual,PHILIP MARK BLATT,,BLATT,PHILIP,MARK,MD,M,207RH0000X,207RH0000X,4735 OGLETOWN STANTON RD,STE 2225,NEWARK,DE,19713,197138000,3027377700,2005-06-20,2007-07-09
1194720672,individual,THOMAS EDWARDS,,EDWARDS,THOMAS,,PA-C,M,363A00000X,363A00000X,1096 OLD CHURCHMANS RD,,NEWARK,DE,19713,197132102,3026559494,2005-06-20,2021-07-02
1649275124,individual,ROBERT BRADLEY SLEASE,,SLEASE,ROBERT,BRADLEY,MD,M,207RH0000X,207RH0000X|207ZP0102X,4701 OGLETOWN STANTON RD,STE 4200,NEWARK,DE,19713,197132055,3027377700,2005-06-20,2011-03-07
1336145861,individual,CYNTHIA ELLEN FLYNN,,FLYNN,CYNTHIA,ELLEN,MD,F,207ZP0102X,207ZP0102X,4755 OGLETOWN STANTON RD,,NEWARK,DE,19718,197180001,3024549830,2005-06-21,2010-06-24
1689670119,individual,MARY VIRGINIA IACOCCA,,IACOCCA,MARY,VIRGINIA,MD,F,207ZP0102X,207ZP0102X,4755 OGLETOWN STANTON RD,,NEWARK,DE,19718,197186001,3024549830,2005-06-21,2011-03-09
1851397392,individual,LEONARD I JAPKO,,JAPKO,LEONARD,I,MD,M,207ZP0102X,207ZP0102X,4755 OGLETOWN STANTON ROAD,,NEWARK,DE,19718,197180001,3024549830,2005-06-21,2007-07-09
1194721639,individual,MICHAEL DOUGLAS KANZER,,KANZER,MICHAEL,DOUGLAS,MD,M,207ZP0102X,207ZP0102X,4755 OGLETOWN STANTON RD,,NEWARK,DE,19718,197180001,3024549830,2005-06-21,2007-07-09
1396741849,individual,GARY BRUCE WITKIN,,WITKIN,GARY,BRUCE,MD,M,207ZP0102X,207ZP0102X,4755 OGLETOWN STANTON RD,,NEWARK,DE,19718,197180001,3024549830,2005-06-21,2007-07-09
1043216526,organization,"ST. FRANCIS HEALTHCARE, INC.","ST. FRANCIS HEALTHCARE, INC.",,,,,,314000000X,314000000X,7TH AND N CLAYTON ST,,WILMINGTON,DE,19805,198053155,3024214100,2005-06-21,2024-09-27
1720084213,individual,KATHRYN KELLY BENSON,,BENSON,KATHRYN,KELLY,FNP BC,F,207Q00000X,207Q00000X|363L00000X|163W00000X|363LF0000X,200 HYGEIA DR,,NEWARK,DE,19713,197132049,3022731701,2005-06-21,2024-08-23
1235135732,organization,"THE MILTON AND HATTIE KUTZ HOME, INC.","THE MILTON AND HATTIE KUTZ HOME, INC.",,,,,,314000000X,314000000X,704 RIVER RD,,WILMINGTON,DE,19809,198092746,3027647000,2005-06-21,2012-08-29
1811993249,organization,"PAHNKE, PENMAN, AND WHITNEY PA","PAHNKE, PENMAN, AND WHITNEY PA",,,,,,208600000X,208600000X,410 FOULK RD,STE 200A,WILMINGTON,DE,19803,198033802,3027642380,2005-06-21,2014-03-21
1427054857,individual,GREG RANDOLPH PAHNKE,,PAHNKE,GREG,RANDOLPH,M.D.,M,2086X0206X,2086X0206X,4701 OGLETOWN STANTON RD,STE 1340,NEWARK,DE,19713,197132055,3027330404,2005-06-21,2014-03-21
1508862970,individual,DANIEL E CIOLEK,,CIOLEK,DANIEL,E,P.T.,M,2251G0304X,2251G0304X,120 CHURCHILL LN,,WILMINGTON,DE,19808,198084319,3022343499,2005-06-21,2007-07-08
1366448730,individual,BRADLEY T LEMON,,LEMON,BRADLEY,T,"D.P.M, F.A.C.F.S",M,213ES0103X,213ES0103X,543 N SHIPLEY ST,STE C,SEAFORD,DE,19973,199732339,3026293000,2005-06-22,2013-02-04
1487650867,individual,BENJAMIN COOPER,,COOPER,BENJAMIN,,MD,M,2086S0122X,2086S0122X,1941 LIMESTONE RD STE 101,,WILMINGTON,DE,19808,198085413,3026559494,2005-06-22,2020-09-24
1851397145,individual,CHRISTOPHER J SAUNDERS,,SAUNDERS,CHRISTOPHER,J,"MD,",M,174400000X,174400000X,4745 STANTON OGLETWN RD,STE 137,NEWARK,DE,19713,197132074,3026523331,2005-06-22,2009-04-30
1932105194,individual,RICHARD H. BONDER,,BONDER,RICHARD,H.,M.D.,M,207N00000X,207N00000X,1941 LIMESTONE RD,STE 202,WILMINGTON,DE,19808,198085400,3029990075,2005-06-22,2026-07-13
1497751747,organization,"MID-ATLANTIC ENDOSCOPY CENTER, LLC","MID-ATLANTIC ENDOSCOPY CENTER, LLC",,,,,,261QA1903X,261QA1903X,4923 OGLETOWN STANTON RD,STE 100,NEWARK,DE,19713,197132081,3029930310,2005-06-22,2022-09-21
1013913292,individual,SCOTT WILLIAM HALL,,HALL,SCOTT,WILLIAM,MD,M,207RH0000X,207RH0000X|207ZP0102X,4701 OGLETOWN STANTON RD,STE 4200,NEWARK,DE,19713,197132055,3027377700,2005-06-22,2011-03-07
1487650594,individual,MARK L MITCHELL,,MITCHELL,MARK,L,MD,M,207ZP0102X,207ZP0102X,4755 OGLETOWN STANTON RD,,NEWARK,DE,19718,197180001,3024549830,2005-06-23,2007-07-09
1679579775,organization,DELAWARE OPEN MRI RADIOLOGY ASSOCIATES LLC,DELAWARE OPEN MRI RADIOLOGY ASSOCIATES LLC,,,,,,2085R0202X,2085R0202X,H 42 OMEGA DRIVE,,NEWARK,DE,19713,19713,3027381700,2005-06-23,2022-02-18
1265438360,individual,WILLIAM MACLEOD KIRBY,,KIRBY,WILLIAM,MACLEOD,MD,M,207ZP0102X,207ZP0102X,4755 OGLETOWN STANTON RD,,NEWARK,DE,19718,197180001,3024549830,2005-06-23,2007-07-09
1144226267,individual,CARLTON BOXHILL,,BOXHILL,CARLTON,,M.D.,M,207RE0101X,207RE0101X,1526 SAVANNAH RD,,LEWES,DE,19958,199581683,3026452244,2005-06-23,2017-02-10
1326044470,organization,"ST FRANCIS HOSPITAL, INC","ST FRANCIS HOSPITAL, INC",,,,,,283X00000X,283X00000X,N CLAYTON ST,,WILMINGTON,DE,19805,198053155,3024214100,2005-06-23,2009-08-26
1275539033,individual,REBECCA JAFFE,,JAFFE,REBECCA,,MD,F,207Q00000X,207Q00000X,3105 LIMESTONE RD,STE 300,WILMINGTON,DE,19808,198082156,3029920200,2005-06-24,2022-05-24
1588660351,individual,AMANDA SUE FICHTER,,FICHTER,AMANDA,SUE,OD,F,152W00000X,152W00000X,1100 N GRANT AVE,STE A,WILMINGTON,DE,19805,198052671,3026553388,2005-06-24,2026-07-13
1609872480,individual,ROBERT J. MCKENNETT,,MCKENNETT,ROBERT,J.,CRNA,M,367500000X,367500000X,640 S STATE ST,DEPT OF ANES,DOVER,DE,19901,199013530,3027447088,2005-06-25,2018-01-31
1093711780,individual,FRANK XAVIER FISHER,,FISHER,FRANK,XAVIER,CRNA,M,367500000X,367500000X|163W00000X,111 CONTINENTAL DR,SUITE 412,NEWARK,DE,19713,197134306,3027094497,2005-06-27,2025-10-30
1194721803,individual,WILLIAM HARRY HARTZ,,HARTZ,WILLIAM,HARRY,M.D.,M,2085R0204X,2085R0204X|2085R0202X,H-42 OMEGA DRIVE,,NEWARK,DE,19713,19713,3027381700,2005-06-27,2026-09-02
1356347983,individual,JOSEPH SEBASTIANI,,SEBASTIANI,JOSEPH,,DC,M,111N00000X,111N00000X,4011 N MARKET ST,,WILMINGTON,DE,19802,198022219,3027620200,2005-06-28,2026-07-13
1164428793,individual,PAULA MAY RUTLEDGE,,RUTLEDGE,PAULA,MAY,FNP-BC,F,363L00000X,363L00000X,306 E MAIN ST,,MIDDLETOWN,DE,19709,197091482,3026522455,2005-06-28,2022-07-21
1881691442,individual,JAMES KIRKLAND BEEBE,,BEEBE,JAMES,KIRKLAND,MD,M,207Q00000X,207Q00000X,32050 LONG NECK RD,,MILLSBORO,DE,19966,199666228,3026453150,2005-06-28,2025-09-25
1255338844,individual,DAVID MITCHELL FINK,,FINK,DAVID,MITCHELL,M.D.,M,174400000X,174400000X,4745 OGLETOWN STANTON RD,STE 105,NEWARK,DE,19713,197132067,3023683257,2005-06-28,2013-01-29
1245236843,individual,FRANKLIN AMPADU,,AMPADU,FRANKLIN,,M.D.,M,207R00000X,207R00000X,2055 LIMESTONE RD,STE 111,WILMINGTON,DE,19808,19808,3029998169,2005-06-28,2011-10-21
1235136870,individual,MIRIAM J MULLIN,,MULLIN,MIRIAM,J,MD,F,207Q00000X,207Q00000X,722 YORKLYN RD,SUITE 400,HOCKESSIN,DE,19707,197078718,3022352351,2005-06-28,2014-05-12
1417954009,individual,JOHN ERIC HALE,,HALE,JOHN,ERIC,MD,M,207Q00000X,207Q00000X,17388 N VILLAGE MAIN BLVD,,LEWES,DE,19958,199587240,3022916050,2005-06-28,2024-11-06
1518964048,organization,PERSPECTIVES COUNSELING CENTER,PERSPECTIVES COUNSELING CENTER,,,,,,103TP2701X,103TP2701X,9 E LOOCKERMAN ST,SUITE 213,DOVER,DE,19901,199018306,3026771758,2005-06-30,2020-08-22
1063419497,individual,ROBERT JAMES VARIPAPA,,VARIPAPA,ROBERT,JAMES,M.D.,M,2084N0400X,2084N0400X,2325 FARM LN,,CAMDEN,DE,19934,199342513,3022428181,2005-06-30,2026-06-03
1518964956,organization,MAROSA SURGICAL INDUSTRIES INC,MAROSA SURGICAL INDUSTRIES INC,,,,,,332B00000X,332B00000X,1277 S GOVERNORS AVE,,DOVER,DE,19904,199044801,3026740907,2005-06-30,2007-07-13
1881691236,individual,STEPHEN FRANCIS PENNY,,PENNY,STEPHEN,FRANCIS,MD,M,2084N0400X,2084N0400X,1095 S BRADFORD ST,,DOVER,DE,19904,199044141,3026788100,2005-06-30,2021-01-29
1497752984,individual,THEODORA ANNE MILLERLINE,,MILLERLINE,THEODORA,ANNE,LPCMH,F,101YP2500X,101YP2500X,1155 WALKER RD,,DOVER,DE,19904,199046539,3026741600,2005-06-30,2010-09-21
1861499303,individual,NEIL SCOTT KALIN,,KALIN,NEIL,SCOTT,MD,M,207W00000X,207W00000X,314 E MAIN ST,,NEWARK,DE,19711,197117128,3027312020,2005-06-30,2008-08-05
1396742839,individual,JULIANNE C LIN,,LIN,JULIANNE,C,M.D.,F,207W00000X,207W00000X,5305 LIMESTONE RD STE 201,,WILMINGTON,DE,19808,198081247,3029930931,2005-06-30,2014-02-19
1457358889,individual,JEFFREY B MINKOVITZ,,MINKOVITZ,JEFFREY,B,MD,M,207W00000X,207W00000X,1207 N SCOTT ST,EYE PHYSICIANS AND SURGEONS,WILMINGTON,DE,19806,19806,3026523353,2005-06-30,2008-08-05
1417954983,individual,THEODORE W. MICHELL,,MICHELL,THEODORE,W.,D.O.,M,207Q00000X,207Q00000X,1320 PHILADELPHIA PIKE,,WILMINGTON,DE,19809,198091818,3027980666,2005-06-30,2026-07-13
1558368035,individual,CONSTANTINE W. MICHELL,,MICHELL,CONSTANTINE,W.,D.O.,M,207Q00000X,207Q00000X,89 OMEGA DR,,NEWARK,DE,19713,197132065,3027385500,2005-06-30,2007-08-23
1326045824,individual,JEAN D BURGESS,,BURGESS,JEAN,D,LCSW,F,1041C0700X,1041C0700X,19606 COASTAL HWY,SUITE 202,REHOBOTH BEACH,DE,19971,199718596,3015095922,2005-06-30,2016-09-19
1770580144,individual,PETER JO COVELESKI,,COVELESKI,PETER,JO,DO,M,208100000X,208100000X,12100 BLACK SWAN DR STE 201,,LEWES,DE,19958,199584991,3026443311,2005-06-30,2025-10-01
1487651865,individual,LAWRENCE PICCIONI,,PICCIONI,LAWRENCE,,MD,M,207X00000X,207X00000X,260 BEISER BLVD,SUITE 101,DOVER,DE,19904,199047790,3027308060,2005-06-30,2007-08-30
1346247723,individual,JOEL MICHAEL RUTENBERG,,RUTENBERG,JOEL,MICHAEL,MD,M,2084N0400X,2084N0400X,1074 S STATE ST,,DOVER,DE,19901,19901,3026788100,2005-06-30,2011-08-23
1316944630,organization,ACTS RETIREMENT-LIFE COMMUNITIES INC.,ACTS RETIREMENT-LIFE COMMUNITIES INC.,,,,,,314000000X,314000000X,1001 MIDDLEFORD ROAD,,SEAFORD,DE,19973,199733638,3026285624,2005-07-01,2024-02-20
1770580094,individual,RAID MOHAMMED KOFAHI,,KOFAHI,RAID,MOHAMMED,MD,M,2084N0400X,2084N0400X,111 NEUROLOGY WAY,,MILFORD,DE,19963,199635368,3024220800,2005-07-01,2011-08-30
1922005255,individual,SALLY HAMEL DOWLING,,DOWLING,SALLY,HAMEL,MD,F,207Q00000X,207Q00000X,15 N WILLIAMS ST,,SELBYVILLE,DE,19975,199759659,3024368004,2005-07-01,2007-10-30
1285631515,individual,RONALD M. GOODMAN,,GOODMAN,RONALD,M.,D.O.,M,207Q00000X,207Q00000X,405 SILVERSIDE RD,,WILMINGTON,DE,19809,198091774,3027980666,2005-07-01,2021-10-20
1801893144,individual,ANTHONY J CURCI,,CURCI,ANTHONY,J,DO,M,207R00000X,207R00000X,405 SILVERSIDE RD STE 111,,WILMINGTON,DE,19809,198091768,3027980666,2005-07-01,2025-06-16
1073510319,individual,ROSA MARIA FERNANDEZ,,FERNANDEZ,ROSA,MARIA,LCSW,F,1041C0700X,1041C0700X,428 RUDDER LN,,MILTON,DE,19968,199681536,3026843610,2005-07-01,2026-07-13
1346247699,individual,GEORGE A. NAMEY,,NAMEY,GEORGE,A.,D.O.,M,207Q00000X,207Q00000X,2600 GLASGOW AVE,SUITE 124,NEWARK,DE,19702,197024777,3028364200,2005-07-01,2015-02-02
1265439582,individual,JOHN BERNARD COLL,,COLL,JOHN,BERNARD,DO,M,207RS0012X,207RS0012X|2084N0400X,1893 S DUPONT HWY,,DOVER,DE,19901,199015128,3026525109,2005-07-01,2026-01-21
1669479929,organization,"WESTSIDE FAMILY HEALTHCARE, INC.","WESTSIDE FAMILY HEALTHCARE, INC.",,,,,,261QF0400X,261QF0400X,1802 W 4TH ST,,WILMINGTON,DE,19805,198053420,3026555822,2005-07-01,2025-05-12
1487651741,individual,RENE O. BADILLO,,BADILLO,RENE,O.,M.D.,M,207R00000X,207R00000X,121 BECKS WOODS DR,SUITE 100,BEAR,DE,19701,197013851,3022615600,2005-07-01,2023-04-10
1063419331,organization,"BRANDYWINE CONVALESCENT HOME, INC.","BRANDYWINE CONVALESCENT HOME, INC.",,,,,,314000000X,314000000X,505 GREENBANK RD,,WILMINGTON,DE,19808,198083164,3029980101,2005-07-01,2016-01-07
1063419349,individual,DOROTHY M MOORE,,MOORE,DOROTHY,M,M.D.,F,207W00000X,207WX0110X|207W00000X,2055 LIMESTONE RD,STE 102,WILMINGTON,DE,19808,198085536,3029920430,2005-07-01,2020-04-24
1336146661,individual,MARIA W. MICHELL,,MICHELL,MARIA,W.,D.O.,F,207Q00000X,207Q00000X,1320 PHILADELPHIA PIKE,,WILMINGTON,DE,19809,198091818,3027980666,2005-07-01,2026-07-13
1588661854,individual,BRUCE BOLASNY,,BOLASNY,BRUCE,,M.D.,M,174400000X,174400000X,103 WOLF CREEK BLVD,SUITE 1,DOVER,DE,19901,199014915,3026742420,2005-07-01,2026-08-24
1447257738,individual,MARYANN K. BAILEY,,BAILEY,MARYANN,K.,DDS,F,1223G0001X,1223G0001X,1802 W 4TH ST,,WILMINGTON,DE,19805,198053420,3026555822,2005-07-01,2026-09-06
1437156635,organization,"EASTER SEALS DELAWARE & MARYLANDS EASTERN SHORE, INC","EASTER SEALS DELAWARE & MARYLANDS EASTERN SHORE, INC",,,,,,103TM1800X,103K00000X|103TM1800X|103TR0400X|224Z00000X|225100000X|225200000X|225X00000X|235Z00000X|261QA0600X,61 CORPORATE CIR,,NEW CASTLE,DE,19720,197202439,3023244444,2005-07-01,2022-08-30
1053318261,organization,PENINSULA UNITED METHODIST HOMES,PENINSULA UNITED METHODIST HOMES,,,,,,207R00000X,207R00000X,4830 KENNETT PIKE,,WILMINGTON,DE,19807,198071866,3022356066,2005-07-01,2007-10-09
1750388872,individual,MARICAR GABORNE BELICENA-BADILLO,,BELICENA-BADILLO,MARICAR,GABORNE,M.D.,F,207R00000X,207R00000X,121 BECKS WOODS DR STE 100,,BEAR,DE,19701,197013853,3022615600,2005-07-05,2023-04-10
1912904038,individual,DAVID PETER WIEN,,WIEN,DAVID,PETER,M.D.,M,207RA0201X,207K00000X|207KA0200X|207RA0201X,708 GREENBANK RD,,WILMINGTON,DE,19808,198083168,3029981866,2005-07-05,2026-07-13
1831196831,individual,JACOB EDWARD HANLON,,HANLON,JACOB,EDWARD,DPM,M,213ES0103X,213ES0103X,22 OLD RUDNICK LN,,DOVER,DE,19901,199014912,3026749255,2005-07-05,2014-09-29
1306843453,individual,PATRICK SWIER,,SWIER,PATRICK,,MD,M,208200000X,208200000X,1400 SAVANNAH RD,,LEWES,DE,19958,199581623,3026457737,2005-07-05,2012-12-31
1962409029,individual,POORWA I KENKRE,,KENKRE,POORWA,I,M.D.,F,208000000X,208000000X|207R00000X,4512 KIRKWOOD HWY,SUITE 300,WILMINGTON,DE,19808,198085123,3026237500,2005-07-05,2017-04-28
1215934245,individual,HARRY A LEHMAN,,LEHMAN,HARRY,A,M.D.,M,208000000X,208D00000X|208000000X,30265 COMMERCE DR,,MILLSBORO,DE,19966,199663593,3026295050,2005-07-05,2019-10-18
1447257498,individual,MARK STEPHEN TROCHIMOWICZ,,TROCHIMOWICZ,MARK,STEPHEN,M.D.,M,207Q00000X,207Q00000X,400 SOUTH ST,SUITE 100,NEW CASTLE,DE,19720,197205057,3023252309,2005-07-06,2012-09-21
1669479531,individual,FREDERICK DIMEO,,DIMEO,FREDERICK,,P.A.,M,363A00000X,363A00000X|363AS0400X,655 S BAY RD STE 1F,,DOVER,DE,19901,199014694,3027304366,2005-07-06,2019-01-07
1467459255,organization,"GLEN D. ROWE, D.O., P.A.","GLEN D. ROWE, D.O., P.A.",,,,,,207X00000X,207X00000X,1093 S GOVERNORS AVE,,DOVER,DE,19904,199046901,3027304366,2005-07-07,2020-08-22
1487651295,individual,DAVID J CLONEY,,CLONEY,DAVID,J,M.D.,M,208600000X,208600000X,100 WELLNESS WAY,,MILFORD,DE,19963,199634364,3024247522,2005-07-07,2024-10-29
1013914829,individual,PAT CARROLL-GRANT,,CARROLL-GRANT,PAT,,RPH,F,183500000X,183500000X,232 MEADOW DR,,DOVER,DE,19904,199041900,3027341143,2005-07-07,2026-07-13
1508864224,individual,TRACEY D GOFF,,GOFF,TRACEY,D,MPT,F,225100000X,225100000X,1418 S STATE ST,,DOVER,DE,19901,199014948,3027341515,2005-07-07,2023-09-21
1699772426,individual,SATOSHI IKEDA,,IKEDA,SATOSHI,,M.D.,M,174400000X,174400000X,2300 PENNSYLVANIA AVE,SUITE 3 D,WILMINGTON,DE,19806,198061392,3026563333,2005-07-07,2026-07-13
1629075387,individual,IMTIAZ A KHOKHAR,,KHOKHAR,IMTIAZ,A,M.D.,M,207R00000X,207R00000X,424 SAVANNAH RD,,LEWES,DE,19958,199581462,3026453525,2005-07-07,2025-06-04
1740287580,individual,DANIEL WEBB,,WEBB,DANIEL,,CRNA,M,367500000X,367500000X,111 CONTINENTAL DR,SUITE 412,NEWARK,DE,19713,197134306,3027094497,2005-07-07,2007-07-08
1952308629,individual,GEORGE R HAYNES,,HAYNES,GEORGE,R,PHARMD,M,183500000X,183500000X,701 N CLAYTON ST,PHARMACY,WILMINGTON,DE,19805,198053165,3024214295,2005-07-07,2013-07-17
1386641058,individual,JOHN R. STUMP,,STUMP,JOHN,R.,M.D.,M,207W00000X,207W00000X,200 KONA CIRCLE,,MILFORD,DE,19963,199631843,3024240523,2005-07-07,2010-06-16
1609873413,individual,ANTHONY P BUONANNO,,BUONANNO,ANTHONY,P,M.D.,M,207R00000X,207R00000X|208M00000X,424 SAVANNAH RD,,LEWES,DE,19958,199581462,3026453100,2005-07-07,2025-07-07
1962400655,individual,JOHN T PEARSON,,PEARSON,JOHN,T,"DNP, FNP-C",M,363L00000X,363L00000X,227 OLD CAMDEN RD,,CAMDEN,DE,19934,199345524,3025463246,2005-07-07,2026-08-10
1568460046,individual,DEBORAH ANN SIMMONS,,SIMMONS,DEBORAH,ANN,OTR/L,F,225X00000X,225X00000X,1777 SPORTSMAN RD,,FELTON,DE,19943,199433870,3022844177,2005-07-08,2026-07-13
1073511697,individual,THOMAS E STEPHENS,,STEPHENS,THOMAS,E,MD,M,207Q00000X,207Q00000X,1802 W 4TH ST,,WILMINGTON,DE,19805,19805,3026522455,2005-07-08,2020-12-02
1396743969,individual,TADAIE WAKAMATSU,,WAKAMATSU,TADAIE,,MD,M,208600000X,208600000X,701 N CLAYTON ST,SUITE 601,WILMINGTON,DE,19805,198053165,3026526050,2005-07-08,2008-11-17
1023016615,individual,GLENN E GRAYBEAL,,GRAYBEAL,GLENN,E,MD,M,208600000X,208600000X,1 SUSSEX AVE,,MILFORD,DE,19963,199631853,3024223377,2005-07-08,2011-10-27
1275531873,individual,LESLIE C VERUCCI,,VERUCCI,LESLIE,C,NP,F,363LA2200X,363LA2200X|363L00000X,2600 GLASGOW AVENUE,SUITE 100,NEWARK,DE,19702,197024773,3028368350,2005-07-08,2024-09-05
1942208459,individual,S PAUL AKANA,,AKANA,S,PAUL,MD,M,208600000X,208600000X,1 SUSSEX AVE,,MILFORD,DE,19963,199631853,3024223377,2005-07-08,2007-10-19
1346248895,individual,LAWRENCE A LOUIE,,LOUIE,LAWRENCE,A,DMD,M,1223P0221X,1223P0221X,250 BEISER BLVD,SUITE 101,DOVER,DE,19904,199047790,3026745437,2005-07-08,2026-07-13
1891793352,individual,JOEL R TEMPLE,,TEMPLE,JOEL,R,M.D.,M,207KA0200X,207KA0200X,9 E LOOCKERMAN ST,SUITE 303,DOVER,DE,19901,199018306,3026781343,2005-07-08,2007-08-22
1962400390,individual,DAVID G. REYES,,REYES,DAVID,G.,"M.D, FAAFP",M,207Q00000X,207Q00000X,18947 JOHN J WILLIAMS HWY,,REHOBOTH BEACH,DE,19971,199714474,3026440690,2005-07-10,2017-02-27
1003814468,individual,LASONYA ADELE DAVIS,,DAVIS,LASONYA,ADELE,NURSE PRACTITIONER,F,363LP0808X,363LP0808X|363LW0102X,21 W CLARKE AVE STE 1030,,MILFORD,DE,19963,199631857,3027429434,2005-07-11,2025-10-29
1235137613,individual,OLUSEYI NUTAYI SENU-OKE,,SENU-OKE,OLUSEYI,NUTAYI,MD,M,207Q00000X,207Q00000X,4011 N MARKET ST,,WILMINGTON,DE,19802,198022219,3027620200,2005-07-11,2017-11-01
1528066917,individual,CHARLES DALE CURRY,,CURRY,CHARLES,DALE,M.D.,M,207W00000X,207W00000X,18791 JOHN J WILLIAMS HWY,,REHOBOTH BEACH,DE,19971,199714401,3026452300,2005-07-11,2019-09-25
1700884061,individual,JAMES E DAMOUR,,DAMOUR,JAMES,E,M.D.,M,207R00000X,207R00000X,4512 KIRKWOOD HWY,SUITE 300,WILMINGTON,DE,19808,198085123,3026237500,2005-07-11,2012-09-20
1194723411,organization,CAPE PHARMACY LLC,CAPE PHARMACY LLC,,,,,,183500000X,183500000X,17252 N VILLAGE MAIN BLVD,#3,LEWES,DE,19958,199586292,3026450090,2005-07-11,2008-02-13
1164420360,individual,ROBERT K. PALANDJIAN,,PALANDJIAN,ROBERT,K.,DO,M,207Q00000X,207Q00000X,405 SILVERSIDE RD STE 111,,WILMINGTON,DE,19809,198091768,3027980666,2005-07-12,2025-06-16
1841298122,individual,PATRICIA H PURCELL,,PURCELL,PATRICIA,H,M.D.,F,208000000X,208000000X,1508 PENNSYLVANIA AVE,SUITE 2C,WILMINGTON,DE,19806,198064338,3024281142,2005-07-12,2012-11-14
1598763724,individual,BRIAN K. JANNEY,,JANNEY,BRIAN,K.,D.O.,M,207Q00000X,207Q00000X,111 CONTINENTAL DR,SUITE 406,NEWARK,DE,19713,197134306,3023682630,2005-07-12,2008-02-07
1699773853,individual,SIAMAK SAMII,,SAMII,SIAMAK,,MD,M,174400000X,174400000X,4745 OGLETOWN STANTON RD,SUITE 200,NEWARK,DE,19713,197132067,3024549011,2005-07-12,2007-10-25
1972501054,individual,JOEL E CHODOS,,CHODOS,JOEL,E,MD,M,207RG0100X,174400000X|207RG0100X,930 OLD HARMONY RD.,STE D,NEWARK,DE,19713,197134161,3024551980,2005-07-12,2012-08-15
1962400093,individual,JODY STEELE WILLIAMS,,WILLIAMS,JODY,STEELE,PSY.D.,F,103T00000X,103T00000X,884 WALKER RD,SUITE 5C,DOVER,DE,19904,199042758,3026742199,2005-07-12,2007-07-09
1902804982,organization,"GASTROENTEROLOGY ASSOCIATES, PA","GASTROENTEROLOGY ASSOCIATES, PA",,,,,,174400000X,174400000X,4745 OGLETOWN STANTON RD,134,NEWARK,DE,19713,197132067,3027385300,2005-07-13,2020-08-22
1215935184,individual,KATHLEEN ANNE CASEY,,CASEY,KATHLEEN,ANNE,LCSW,F,1041C0700X,1041C0700X,19606 COASTAL HWY,SUITE 202,REHOBOTH BEACH,DE,19971,199718596,3022260507,2005-07-13,2014-11-25
1699773663,individual,JEFFREY S CICONE,,CICONE,JEFFREY,S,MD,M,207RN0300X,207RN0300X,1092 OLD CHURCHMANS RD,,NEWARK,DE,19713,197132102,3024729880,2005-07-13,2021-06-17
1962400994,individual,TERESA H KELLER,,KELLER,TERESA,H,M.D.,F,2080A0000X,2080A0000X,16 S DUPONT HWY,,MILFORD,DE,19963,199631027,3024222022,2005-07-13,2013-10-14
1780682716,individual,MARGARET M. CORRIGAN-MASSEY,,CORRIGAN-MASSEY,MARGARET,M.,"M.S.N., R.N.C.S.",F,363LA2200X,363LA2200X,2600 GLASGOW AVE,SUITE 124,NEWARK,DE,19702,197024777,3028364200,2005-07-13,2020-10-01
1225036387,organization,"WARSAL & AMURAO, M.D., P.A.","WARSAL & AMURAO, M.D., P.A.",,,,,,174400000X,174400000X,2006 LIMESTONE RD STE 4,,WILMINGTON,DE,19808,198085553,3026546245,2005-07-13,2019-03-05
1992703805,individual,CHEE HOUE WOO,,WOO,CHEE,HOUE,MD,M,208VP0000X,208VP0014X|208VP0000X|207L00000X,405 SILVERSIDE RD STE 104,,WILMINGTON,DE,19809,198091768,8443657246,2005-07-13,2025-07-18
1750389730,individual,DANIEL N COAR,,COAR,DANIEL,N,MD,M,207RN0300X,207RN0300X,1198 S GOVERNORS AVE STE B100,,DOVER,DE,19904,199046930,3027343227,2005-07-13,2021-06-17
1306844345,individual,LEE PACHTER,,PACHTER,LEE,,DO,M,208000000X,208000000X,1600 ROCKLAND RD,,WILMINGTON,DE,19803,198033607,3026514200,2005-07-13,2018-03-17
1497753255,individual,ROBERTO M VILLASENOR,,VILLASENOR,ROBERTO,M,M.D.,M,207QA0505X,207QA0505X,916 MIDDLEFORD RD,,SEAFORD,DE,19973,199733604,3026297605,2005-07-14,2007-12-07
1275532939,individual,DARREN A. FRANCZYK,,FRANCZYK,DARREN,A.,M.D.,M,208000000X,208000000X,2700 SILVERSIDE RD,SUITE 5,WILMINGTON,DE,19810,198103719,3024781975,2005-07-15,2012-11-14
1699774364,organization,TRINITY HOME HEALTH SERVICES,TRINITY HOME HEALTH SERVICES,,,,,,251E00000X,251E00000X,100 COMMERCE DR STE 100,,NEWARK,DE,19713,197132850,3025758240,2005-07-15,2026-03-04
1538168208,individual,JULIE H. PROSSEDA,,PROSSEDA,JULIE,H.,MD,F,207Q00000X,207Q00000X,5311 LIMESTONE RD STE 201,,WILMINGTON,DE,19808,198081258,3022349109,2005-07-15,2022-07-21
1851390587,individual,JASON D WALKER,,WALKER,JASON,D,M.D.,M,208000000X,208000000X,4512 KIRKWOOD HWY,SUITE 300,WILMINGTON,DE,19808,198085123,3029929617,2005-07-15,2012-09-19
1669471314,individual,CHRISTINE M. MAZZOLA,,MAZZOLA,CHRISTINE,M.,FNP-BC,F,363LF0000X,363LF0000X,86 OMEGA DR STE 86,,NEWARK,DE,19713,197132065,3027385500,2005-07-15,2025-06-16
1013916766,individual,DIMITRIOS M ZEREFOS,,ZEREFOS,DIMITRIOS,M,DO,M,208D00000X,208D00000X,5509 KIRKWOOD HWY,,WILMINGTON,DE,19808,19808,3026360936,2005-07-15,2026-07-13
1649279399,individual,STACEY K GRAVES,,GRAVES,STACEY,K,"MSN, CRNP",F,363L00000X,363L00000X,27 MARROWS RD,,NEWARK,DE,19713,197133701,3024550900,2005-07-15,2024-05-02
1508865262,individual,KERRY A. KIRIFIDES,,KIRIFIDES,KERRY,A.,M.D.,F,208000000X,208000000X,875 AAA BOULEVARD,SUITE C,NEWARK,DE,19713,19713,3029186400,2005-07-15,2012-05-03
1548269244,individual,NABIL F WARSAL,,WARSAL,NABIL,F,M.D.,M,174400000X,174400000X,2006 LIMESTONE RD STE 4,,WILMINGTON,DE,19808,198085553,3026546245,2005-07-15,2019-03-05
1457350159,individual,RAMAZ METREVELI,,METREVELI,RAMAZ,,M.D.,M,208600000X,208600000X,1941 LIMESTONE RD,SUITE 207,WILMINGTON,DE,19808,198085408,3029943128,2005-07-15,2022-02-04
1346249042,individual,AUGUSTO A AMURAO,,AMURAO,AUGUSTO,A,M.D.,M,174400000X,174400000X,1701 AUGUSTINE CUT OFF,STE. 201,WILMINGTON,DE,19803,198034415,3026546245,2005-07-15,2026-07-13
1730188467,individual,BEATRICE M GAYNOR,,GAYNOR,BEATRICE,M,NP,F,363L00000X,363L00000X,25 N COLLEGE AVE,,NEWARK,DE,19716,197163799,3028313195,2005-07-15,2015-09-14
1215936950,individual,CHERYL M SLAVINSKI,,SLAVINSKI,CHERYL,M,P.A.,F,363A00000X,363A00000X,4512 KIRKWOOD HWY,SUITE 300,WILMINGTON,DE,19808,198085123,3029929617,2005-07-15,2026-07-13
1992704639,individual,ROBERT W COX,,COX,ROBERT,W,MD,M,207RN0300X,207RN0300X,4923 OGLETOWN STANTON RD,SUITE 200,NEWARK,DE,19713,197132081,3022250451,2005-07-15,2015-03-18
1265431902,individual,LINDA J KURRY,,KURRY,LINDA,J,NP,F,363LW0102X,363LW0102X,214 N BROAD ST,,MIDDLETOWN,DE,19709,197091002,3023785200,2005-07-15,2026-07-13
1891794533,individual,MEGAN GIOVANELLI DOBLE,,DOBLE,MEGAN,GIOVANELLI,"MSN, CRNP",F,363L00000X,363L00000X|363LF0000X,908 E 16TH ST STE B,,WILMINGTON,DE,19802,198025145,3025751414,2005-07-15,2010-03-26
1689673337,individual,CAMILLE A. GOODSPEED,,GOODSPEED,CAMILLE,A.,DO,F,207Q00000X,207Q00000X,1802 W 4TH ST,,WILMINGTON,DE,19805,198053420,3026555822,2005-07-15,2020-10-19
1972502532,organization,ALLIED DIAGNOSTIC PATHOLOGY CONSULTANTS PA,ALLIED DIAGNOSTIC PATHOLOGY CONSULTANTS PA,,,,,,207ZP0102X,207ZP0102X,701 N CLAYTON ST,,WILMINGTON,DE,19805,19805,3025758103,2005-07-17,2022-07-21
1083613483,individual,JOHN P FEENEY,,FEENEY,JOHN,P,DC,M,111N00000X,111N00000X,835 PULASKI HWY,,BEAR,DE,19701,197011240,3023280200,2005-07-18,2026-07-13
1164421731,individual,ELIZABETH L THOMAS-BAUER,,THOMAS-BAUER,ELIZABETH,L,"DNP, FNP-BC, CNE",F,363LF0000X,363LF0000X,710 WILMINGTON RD STE 3,,HISTORIC NEW CASTLE,DE,19720,197203685,3022075507,2005-07-18,2025-12-15
1124027537,individual,TONI MARIE BALLAS-ROWE,,BALLAS-ROWE,TONI,MARIE,LCSW,F,1041C0700X,101Y00000X|1041C0700X,16529 COASTAL HWY UNIT 120,,LEWES,DE,19958,199583697,3026450633,2005-07-18,2020-10-23
1164421574,organization,"IMAGING GROUP OF DELAWARE, PA","IMAGING GROUP OF DELAWARE, PA",,,,,,2085R0202X,2085R0202X|2085R0204X,701 N CLAYTON ST,,WILMINGTON,DE,19805,198053165,3028882303,2005-07-18,2024-07-12
1881693299,individual,STEPHANIE KAY BEAN,,BEAN,STEPHANIE,KAY,PT,F,225100000X,225100000X,7465 LANCASTER PIKE,BLDG 1,HOCKESSIN,DE,19707,197079583,3022344261,2005-07-18,2026-02-13
1730188301,individual,MELANIE MONNIG,,MONNIG,MELANIE,,P.A.-C,F,363A00000X,363A00000X,405 SILVERSIDE RD STE 111,,WILMINGTON,DE,19809,198091768,3027980666,2005-07-18,2025-06-16
1457350019,individual,MARY A HIGH,,HIGH,MARY,A,"R.N., M.S.N.",F,363LA2200X,363LA2200X,4512 KIRKWOOD HWY STE 205,,WILMINGTON,DE,19808,198085123,3026607302,2005-07-18,2024-04-25
1891794178,individual,GRACE P GORACCI,,GORACCI,GRACE,P,MD,F,174400000X,174400000X,537 STANTON CHRISTIANA RD,SUITE 203,NEWARK,DE,19713,197132146,3022252380,2005-07-19,2009-12-30
1699774976,organization,FEENEY CHIROPRACTIC CARE CENTRE,FEENEY CHIROPRACTIC CARE CENTRE,,,,,,111N00000X,111N00000X,835 PULASKI HWY,,BEAR,DE,19701,197011240,3023280200,2005-07-19,2018-06-20
1013916303,individual,NICOLE JEAN STOESSEL,,STOESSEL,NICOLE,JEAN,DC,F,111N00000X,111N00000X,2207 CONCORD PIKE # 207,,WILMINGTON,DE,19803,198032908,3022568622,2005-07-19,2014-04-03
1821097114,individual,KATHLEEN WILLEY,,WILLEY,KATHLEEN,,M.D.,F,207Q00000X,207Q00000X,722 YORKLYN RD,SUITE 400,HOCKESSIN,DE,19707,197078718,3022352351,2005-07-19,2008-04-11
1891794186,individual,BONNIE L KELLY,,KELLY,BONNIE,L,M.D.,F,207Q00000X,207Q00000X,722 YORKLYN RD,SUITE 400,HOCKESSIN,DE,19707,197078718,3022352351,2005-07-19,2008-07-09
1588663942,individual,PREETHI KUMAR,,KUMAR,PREETHI,,MD,F,208D00000X,208000000X|208D00000X,"910 FOULK ROAD,",SUITE 101,WILMINGTON,DE,19803,198033157,3026553242,2005-07-19,2012-04-04
1326047796,individual,ROBERT FRANCIS KOPECKI,,KOPECKI,ROBERT,FRANCIS,DO,M,207R00000X,207R00000X,3105 LIMESTONE RD,SUITE 301,WILMINGTON,DE,19808,198082147,3026331700,2005-07-19,2025-02-10
1932108305,individual,VICTORIA BRADFORD MAWN,,MAWN,VICTORIA,BRADFORD,MD,F,207R00000X,207R00000X,4512 KIRKWOOD HIGHWAY,SUITE 300,WILMINGTON,DE,19808,19808,3026237500,2005-07-19,2012-09-28
1104825579,individual,REBECCA LYNN YOURINSON,,YOURINSON,REBECCA,LYNN,PAC,F,363A00000X,207R00000X|363A00000X,4755 OGLETOWN-STANTON RD,,NEWARK,DE,19718,197180001,3027331000,2005-07-19,2025-09-11
1306845656,individual,SEAN PATRICK FEENEY,,FEENEY,SEAN,PATRICK,DC,M,111N00000X,111N00000X,1106 PULASKI HWY,,BEAR,DE,19701,197011332,3023001111,2005-07-19,2018-04-27
1457350654,individual,LASHAUNA MCINTOSH,,MCINTOSH,LASHAUNA,,MD,F,207V00000X,207V00000X,620 STANTON CHRISTIANA RD STE 304,,NEWARK,DE,19713,197132135,3027782229,2005-07-19,2021-05-24
1700885928,organization,ST. FRANCIS HOSPITAL INC.,ST. FRANCIS HOSPITAL INC.,,,,,,174400000X,174400000X|207V00000X,1100 N GRANT AVE,2ND FLOOR,WILMINGTON,DE,19805,198052671,3027782229,2005-07-19,2018-03-16
1215936414,individual,MEGAN MCGRAW,,MCGRAW,MEGAN,,"LCSW, MSS",F,1041C0700X,1041C0700X,200 CHRISTIANA VILLAGE PROFESSIONAL CENTER,,NEWARK,DE,19702,197021576,3022830414,2005-07-19,2026-07-13
1942209143,individual,MART JOSEPH AMICK,,AMICK,MART,JOSEPH,MD,M,207R00000X,207R00000X,3105 LIMESTONE RD,SUITE 301,WILMINGTON,DE,19808,198082147,3026331700,2005-07-19,2016-03-22
1134128283,individual,STEVEN CHARLES FALCHUK,,FALCHUK,STEVEN,CHARLES,MD,M,207RH0003X,207RH0003X,4701 OGLETOWN STANTON RD,SUITE 2400,NEWARK,DE,19713,197132055,3027317782,2005-07-20,2010-08-04
1841299906,individual,NANCY SQUIRES,,SQUIRES,NANCY,,MD,F,207Q00000X,207Q00000X,32335 DUPONT BLVD,,DAGSBORO,DE,19939,19939,3027328400,2005-07-20,2014-04-24
1467451401,individual,CHRISTOPHER IAN HIGGINSON,,HIGGINSON,CHRISTOPHER,IAN,PH.D.,M,103G00000X,103G00000X,203 W MAIN ST,,NEWARK,DE,19716,197162579,3028314246,2005-07-20,2026-07-13
1174522288,individual,KAREN L MCGHEE,,MCGHEE,KAREN,L,DO,F,207Q00000X,207Q00000X,111 CONTINENTAL DR,SUITE 406,NEWARK,DE,19713,197134306,3023682630,2005-07-20,2008-12-03
1356340459,individual,MARK P CARNEY,,CARNEY,MARK,P,PSY.D.,M,103TC0700X,103TC0700X,614 LOVEVILLE RD STE F1A,,HOCKESSIN,DE,19707,197071623,3022351860,2005-07-20,2019-06-10
1902805922,individual,KAMAR T ADELEKE,,ADELEKE,KAMAR,T,"M.D, F.A.C.C",M,207RC0000X,207RC0000X,2401 PENNSYLVANIA AVE,STE 101,WILMINGTON,DE,19806,198061432,3027771103,2005-07-20,2026-07-13
1689673634,individual,KRISTEN D. MARRA,,MARRA,KRISTEN,D.,PA-C,F,363A00000X,363A00000X,537 STANTON CHRISTIANA RD,SUITE 203,NEWARK,DE,19713,197132146,3022252380,2005-07-20,2023-03-07
1689674533,organization,MILFORD DIAGNOSTIC IMAGINE PA,MILFORD DIAGNOSTIC IMAGINE PA,,,,,,2085R0202X,2085R0202X,21 W CLARKE AVE,,MILFORD,DE,19963,199631840,6104593113,2005-07-21,2022-07-21
1821097791,individual,DEBORAH WAURISHUK,,WAURISHUK,DEBORAH,,ARNP,F,363LF0000X,363L00000X|363LF0000X,232 MITCHELL ST,,MILLSBORO,DE,19966,199669412,3023164190,2005-07-21,2023-03-09
1053310995,individual,CURTIS ALDEN SMITH,,SMITH,CURTIS,ALDEN,D.O.,M,207Q00000X,207Q00000X,314 S CENTRAL AVE,,LAUREL,DE,19956,199561525,3028756800,2005-07-21,2008-05-21
1295734192,individual,JAMES W SHEEHAN,,SHEEHAN,JAMES,W,DC,M,111N00000X,111N00000X,2101 FOULK RD,,WILMINGTON,DE,19810,198104710,3023324525,2005-07-21,2014-04-10
1043210917,individual,ALEXANDER TERRIS,,TERRIS,ALEXANDER,,D.P.M.,M,213E00000X,213E00000X,2700 SILVERSIDE RD STE 3B,,WILMINGTON,DE,19810,198103724,3024781694,2005-07-21,2022-05-04
1275533135,individual,DAVID STEPHEN ESTOCK,,ESTOCK,DAVID,STEPHEN,M.D.,M,207Q00000X,207Q00000X,1403 FOULK RD,SUITE 105,WILMINGTON,DE,19803,198032788,3024790100,2005-07-21,2008-03-28
1033119961,individual,DEBORAH L. LINDABERY,,LINDABERY,DEBORAH,L.,PT,F,225100000X,225100000X,1600 N WASHINGTON ST,,WILMINGTON,DE,19802,198024722,3026562521,2005-07-21,2008-03-06
1972503811,organization,"DOCTORS PATHOLOGY SERVICES, INC","DOCTORS PATHOLOGY SERVICES, INC",,,,,,207ZP0101X,207ZP0101X|207ZP0105X,1253 COLLEGE PARK DR,,DOVER,DE,19904,199048713,3026770000,2005-07-21,2026-05-29
1205836079,individual,MARIE C WOLFGANG,,WOLFGANG,MARIE,C,M.D.,F,207R00000X,207R00000X,1 CEDAR AVE,,SEAFORD,DE,19973,199733300,3026292366,2005-07-22,2014-01-09
1053311746,individual,JAMES ANTHONY NERI,,NERI,JAMES,ANTHONY,PT,M,225100000X,225100000X,200 HYGEIA DR,,NEWARK,DE,19713,197132049,3026230390,2005-07-26,2008-02-19
1124028808,individual,DAVID A MAGED,,MAGED,DAVID,A,MD,M,207R00000X,207R00000X,3105 LIMESTONE RD,STE 301,WILMINGTON,DE,19808,198082147,3026331700,2005-07-26,2017-08-22
1770583478,individual,JAMES MONIHAN,,MONIHAN,JAMES,,M.D.,M,207ZP0105X,207ZP0105X,701 N CLAYTON ST,,WILMINGTON,DE,19805,19805,3025758090,2005-07-26,2024-04-24
1912907510,individual,YONGLING BIAN,,BIAN,YONGLING,,M.D.,F,207ZP0105X,207ZP0105X,424 SAVANNAH RD,,LEWES,DE,19958,199581462,5125794000,2005-07-26,2026-06-17
1346240876,individual,THOMAS A OTTER,,OTTER,THOMAS,A,MD,M,207X00000X,207X00000X,17005 OLD ORCHARD RD,,LEWES,DE,19958,199584828,3026443311,2005-07-27,2019-02-15
1093715567,individual,RICHARD PALMER,,PALMER,RICHARD,,M.D.,M,207ZP0105X,207ZP0105X,701 N CLAYTON ST,,WILMINGTON,DE,19805,198053165,3025758092,2005-07-27,2007-11-29
1790785145,individual,DIANE H LUBKEMAN,,LUBKEMAN,DIANE,H,M.D.,F,207W00000X,207W00000X,116 E FRONT ST,STE A,LAUREL,DE,19956,199561722,4105462500,2005-07-28,2008-01-31
1396745725,organization,SELECT SPECIALTY HOSPITAL - WILMINGTON INC,SELECT SPECIALTY HOSPITAL - WILMINGTON INC,,,,,,282E00000X,282E00000X|282N00000X,501 W 14TH ST FL 9,,WILMINGTON,DE,19801,198011013,3024214591,2005-07-28,2025-09-10
1669472031,individual,ROBIN WEEMS,,WEEMS,ROBIN,,PA,F,363A00000X,363A00000X,431C SAVANNAH RD,,LEWES,DE,19958,199581460,0264442823,2005-07-28,2025-02-05
1861492134,individual,EDWIN WALKER,,WALKER,EDWIN,,"MD, MSPH",M,2084P0804X,2084P0804X,260 CHAPMAN RD STE 205C,,NEWARK,DE,19702,197025449,3025337582,2005-07-28,2021-03-18
1710987094,individual,RONALD JAY KAHN,,KAHN,RONALD,JAY,D.P.M.,M,213E00000X,213E00000X,642 S QUEEN ST,SUITE #103,DOVER,DE,19904,199043506,3026749255,2005-07-28,2011-09-21
1639179922,individual,MARIA TERESA ALONSO,,ALONSO,MARIA,TERESA,PHD,F,103TC0700X,103TC0700X,1014 DARLEY RD,,WILMINGTON,DE,19810,198102910,3025309298,2005-07-28,2026-07-13
1912907197,individual,MICHAEL M MOUSSOUTTAS,,MOUSSOUTTAS,MICHAEL,M,MD,M,2084V0102X,2084V0102X|2084N0400X|2084A2900X,4755 OGLETOWN STANTON RD STE 2E99,,NEWARK,DE,19718,197182559,3027335982,2005-07-28,2022-07-21
1639179948,organization,DELAWARE HEALTH CORPORATION,DELAWARE HEALTH CORPORATION,,,,,,314000000X,313M00000X|314000000X,2801 W 6TH ST,,WILMINGTON,DE,19805,198051828,3026556135,2005-07-28,2017-10-25
1316947799,organization,PENINSULA UNITED METHODIST HOME,PENINSULA UNITED METHODIST HOME,,,,,,207R00000X,207R00000X,1001 MIDDLEFORD RD,,SEAFORD,DE,19973,199733638,3022356066,2005-07-28,2007-10-09
1366442667,organization,DELAWARE HEALTH CORPORATION,DELAWARE HEALTH CORPORATION,,,,,,314000000X,313M00000X|314000000X,301 OCEAN VIEW BLVD,,LEWES,DE,19958,199581269,3026454664,2005-07-28,2017-02-20
1932109097,individual,RICHARD APPLEBY,,APPLEBY,RICHARD,,D.O.,M,204C00000X,204C00000X,1010 HIGHWAY ONE,,LEWES,DE,19958,199581613,3026444500,2005-07-29,2012-09-24
1154321230,individual,PATRICIA M GRADY,,GRADY,PATRICIA,M,CRNP,F,363LF0000X,363LF0000X,1000 MIDWAY DR STE 3,,HARRINGTON,DE,19952,19952,8008188680,2005-07-29,2018-09-13
1275533234,individual,JOHN F MATTHEWS,,MATTHEWS,JOHN,F,M.D.,M,207U00000X,207U00000X|2085N0904X|2085R0202X,701 N CLAYTON ST,,WILMINGTON,DE,19805,198053165,3028882303,2005-07-29,2024-05-02
1972503076,individual,KATHERINE W TAYLOR,,TAYLOR,KATHERINE,W,O.D.,F,152W00000X,152W00000X,1801 ROCKLAND RD,,WILMINGTON,DE,19803,198033648,3026514407,2005-07-29,2019-10-18
1609876630,organization,GASTROENTEROLOGY SPECIALISTS OF DELAWARE LLC,GASTROENTEROLOGY SPECIALISTS OF DELAWARE LLC,,,,,,174400000X,174400000X,2600 GLASGOW AVENUE,SUITE 106,NEWARK,DE,19702,197025704,3028323755,2005-08-01,2014-01-14
1669472692,organization,LAWALL PROSTHETICS ORTHOTICS INC,LAWALL PROSTHETICS ORTHOTICS INC,,,,,,335E00000X,335E00000X,1822 AUGUSTINE CUT OFF,,WILMINGTON,DE,19803,198034405,3027354630,2005-08-01,2023-06-15
1215937230,individual,EDWARD R SOBEL,,SOBEL,EDWARD,R,DO,M,207Q00000X,207Q00000X,1401 FOULK ROAD,SUITE 100B,WILMINGTON,DE,19803,19803,3024773300,2005-08-01,2011-11-18
1417958463,individual,ERNEST FREDERICK JOSEPH SIEBOLD,,SIEBOLD,ERNEST FREDERICK,JOSEPH,D.O.,M,2080A0000X,2080A0000X,282 THE GREEN,"UNIVERSITY OF DELAWARE, STUDENT HEALTH SERVICE",NEWARK,DE,19716,197168101,3028312226,2005-08-02,2007-07-09
1659372670,organization,DELAWARE FAMILY HEALTHCARE ALLIANCE,DELAWARE FAMILY HEALTHCARE ALLIANCE,,,,,,363LX0001X,363LX0001X,1675 S DUPONT HWY,,DOVER,DE,19901,199015129,3026770515,2005-08-02,2020-08-22
1669473641,individual,ZEINA JEHA,,JEHA,ZEINA,,MD,F,207R00000X,207R00000X,16295 WILLOW CREEK RD,,LEWES,DE,19958,199583614,3026440999,2005-08-02,2011-05-25
1780685677,individual,JOHN DANA MANNION,,MANNION,JOHN,DANA,M.D.,M,208G00000X,208G00000X,540 S GOVERNORS AVE,SUITE 101A,DOVER,DE,19904,199043530,3027447980,2005-08-02,2026-07-13
1952302812,organization,CAPITOL NURSING AND REHABILITATION CENTER LLC,CAPITOL NURSING AND REHABILITATION CENTER LLC,,,,,,314000000X,313M00000X|314000000X,1225 WALKER RD,,DOVER,DE,19904,199046541,3027341199,2005-08-02,2022-07-21
1730180696,individual,VINCENT E SCHALLER,,SCHALLER,VINCENT,E,MD,M,207Q00000X,207Q00000X|208D00000X,5936 LIMESTONE RD STE 301B,,HOCKESSIN,DE,19707,197078930,3022344000,2005-08-02,2023-12-04
1811998776,individual,BARBARA A. CAUDILL,,CAUDILL,BARBARA,A.,MSS,F,101YP2500X,101YP2500X,1321 GILPIN AVE,,WILMINGTON,DE,19806,198065100,3029842455,2005-08-02,2026-07-13
1396746293,individual,MARK A GLASSNER,,GLASSNER,MARK,A,MD,M,207Q00000X,207Q00000X,324 E MAIN ST,SUITE 202,NEWARK,DE,19711,197117150,3023692751,2005-08-02,2008-08-26
1437150125,individual,MUHAMMAD I HAQ,,HAQ,MUHAMMAD,I,M.D.,M,2085R0202X,2085R0202X,2055 LIMESTONE RD,SUITE 104,WILMINGTON,DE,19808,198085536,3026336200,2005-08-03,2017-01-30
1114928991,organization,NORTHEAST EXPRESS,NORTHEAST EXPRESS,,,,,,332B00000X,332B00000X,36017 BURBAGE RD,SUITE A,FRANKFORD,DE,19945,199456703,3028298312,2005-08-03,2021-08-11
1588665178,individual,TONY T LEE,,LEE,TONY,T,MD,M,2085R0001X,2085R0001X,640 S STATE ST FL 1,,DOVER,DE,19901,199013530,3026744401,2005-08-03,2022-07-21
1104827823,individual,ASHOK M PATEL,,PATEL,ASHOK,M,MD PA,M,207R00000X,207R00000X,1055 S BRADFORD STREET,,DOVER,DE,19904,19904,3026741818,2005-08-03,2007-07-08
1235130873,organization,BRANDYWINE EYE CENTER P.A.,BRANDYWINE EYE CENTER P.A.,,,,,,207W00000X,207W00000X,2500 GRUBB RD,SUITE 234,WILMINGTON,DE,19810,198104796,3024756500,2005-08-04,2016-08-23
1811998461,organization,CHESAPEAKE INFUSION INC.,CHESAPEAKE INFUSION INC.,,,,,,333600000X,333600000X,140 QUIGLEY BLVD,,NEW CASTLE,DE,19720,197204104,8005404755,2005-08-04,2020-08-22
1922009174,individual,STEPHEN L KESSLER,,KESSLER,STEPHEN,L,MD,M,207V00000X,207V00000X,1074 S STATE ST,,DOVER,DE,19901,199016925,3027253200,2005-08-09,2021-08-03
1881695039,individual,MICHAEL J BROOKS,,BROOKS,MICHAEL,J,MD,M,174400000X,174400000X,1941 LIMESTONE RD STE 120,,WILMINGTON,DE,19808,198085424,3028321545,2005-08-09,2022-07-29
1083615561,organization,KONIVER FISS MANSOORY MD PA,KONIVER FISS MANSOORY MD PA,,,,,,2085R0202X,2085R0202X,1701 AUGUSTINE CUT OFF,BLDG. 4,WILMINGTON,DE,19803,198034461,3026523016,2005-08-09,2017-04-12
1467453977,individual,PEGGY BRASSELL JUDD,,JUDD,PEGGY,BRASSELL,LPN,F,164W00000X,164W00000X,805 RIVER RD,KCHU/FP,DOVER,DE,19901,199013753,3027394728,2005-08-09,2026-07-13
1487655866,individual,CLARA M HIGGINS,,HIGGINS,CLARA,M,DO,F,208600000X,208600000X,33672 BAYVIEW MEDICAL DR,,LEWES,DE,19958,199581687,3027033630,2005-08-09,2023-07-06
1295736684,individual,CHRISTINE EDITH FOX,,FOX,CHRISTINE,EDITH,D.M.D.,F,122300000X,122300000X,32792 OCEAN REACH DR,,LEWES,DE,19958,199584662,3027032838,2005-08-09,2008-04-07
1942201439,individual,MOHAMAD AYMAN GHRAOWI,,GHRAOWI,MOHAMAD,AYMAN,MD,M,207RX0202X,207RH0000X|207RH0003X|207RX0202X,640 S STATE ST FL 1,,DOVER,DE,19901,199013530,3027447994,2005-08-09,2024-03-25
1770584260,individual,MAJID MANSOORY,,MANSOORY,MAJID,,MD,M,2085R0202X,2085R0202X,1701 AUGUSTINE CUT OFF,,WILMINGTON,DE,19803,198034415,3026523016,2005-08-09,2010-09-02
1174524565,individual,INDUKUMAR I SOLANKI,,SOLANKI,INDUKUMAR,I,MD,M,2085R0202X,2085R0202X,1601 KIRKWOOD HWY,RADIOLOGY SERVICE,WILMINGTON,DE,19805,198054917,3029942511,2005-08-09,2010-01-11
1255332649,individual,SATYAJIT SARANGI,,SARANGI,SATYAJIT,,MD,M,2085R0202X,2085R0202X,1701 AUGUSTINE CUT OFF,,WILMINGTON,DE,19803,198034415,3026523016,2005-08-09,2014-01-21
1336140722,individual,KATHRYN NICHOLS,,NICHOLS,KATHRYN,,LCSW,F,1041C0700X,1041C0700X,1131 AIRPORT RD,,MILFORD,DE,19963,199636418,3024228033,2005-08-09,2009-03-04
1245231638,individual,TARIQ QURAISHI,,QURAISHI,TARIQ,,MD,M,2085R0202X,2085R0202X,2501 SILVERSIDE RD,SUITE 2,WILMINGTON,DE,19810,198103726,3022462000,2005-08-09,2007-07-08
1811998347,individual,CHARLOTTE MCCAFFERTY SWENSON,,SWENSON,CHARLOTTE,MCCAFFERTY,PHD,F,103T00000X,103T00000X,3411 SILVERSIDE RD,WELDIN BLDG - 109,WILMINGTON,DE,19810,198104812,3027433843,2005-08-09,2015-08-31
1942201363,organization,VOLUNTEER HOSE COMPANY OF MIDDLETOWN,VOLUNTEER HOSE COMPANY OF MIDDLETOWN,,,,,,3416L0300X,341600000X|3416L0300X,27 W GREEN ST,,MIDDLETOWN,DE,19709,197091315,3025844634,2005-08-09,2024-03-25
1720089287,individual,GEORGES A DAHR,,DAHR,GEORGES,A,MD,M,207RC0000X,207RC0000X,32711 LONG NECK RD,,MILLSBORO,DE,19966,199666678,3029459730,2005-08-09,2026-01-09
1275534737,individual,REETU SINGH,,SINGH,REETU,,MD,F,207RE0101X,207RE0101X,34381 CARPENTERS WAY,,LEWES,DE,19958,199584910,3026447201,2005-08-09,2012-01-23
1255332631,individual,GEORGE BENES,,BENES,GEORGE,,MD,M,174400000X,174400000X,2600 GLASGOW AVE,SUITE 203,NEWARK,DE,19702,197024777,3028323755,2005-08-09,2011-10-18
1023019247,individual,DAVID L FRIESWYK,,FRIESWYK,DAVID,L,PA-C,M,363A00000X,363A00000X,4755 OGLETOWN STANTON RD,SUITE 1E50,NEWARK,DE,19718,197182200,3027331980,2005-08-10,2014-01-17
1134120215,individual,LAURIE ANN SPRAGA,,SPRAGA,LAURIE,ANN,DO,F,207Q00000X,207Q00000X,111 CONTINENTAL DR,SUITE 406,NEWARK,DE,19713,197134306,3023682630,2005-08-10,2016-08-12
1942201025,individual,WAI WOR PHOON,,PHOON,WAI,WOR,M.D.,M,174400000X,174400000X,314 E MAIN ST,"STE. 402, KELWAY PLAZA",NEWARK,DE,19711,197117128,3027311006,2005-08-10,2008-02-29
1427059575,individual,KATHRYN LIGHTCAP,,LIGHTCAP,KATHRYN,,DPM,F,213E00000X,213E00000X,334 SAVANNAH RD,,LEWES,DE,19958,199581449,3026440100,2005-08-10,2014-01-17
1124020094,individual,DAVID BRITCHKOW,,BRITCHKOW,DAVID,,MD,M,207R00000X,207RC0000X|207R00000X,111 CONTINENTAL DR,SUITE 406,NEWARK,DE,19713,197134306,3023682630,2005-08-11,2008-12-19
1104828094,individual,ERIK D STANCOFSKI,,STANCOFSKI,ERIK,D,MD,M,208600000X,208600000X,750 KINGS HWY,STE 103,LEWES,DE,19958,199581772,3026457050,2005-08-11,2010-10-26
1144222043,individual,ANTHONY SCOLA,,SCOLA,ANTHONY,,MD,M,2085R0202X,2085R0202X,1701 AUGUSTINE CUT OFF,,WILMINGTON,DE,19803,198034415,3026523016,2005-08-11,2010-11-01
1457353252,individual,RAMAKRISHNA TATINENI,,TATINENI,RAMAKRISHNA,,MD,M,208600000X,208600000X,750 KINGS HWY,STE 103,LEWES,DE,19958,199581772,3026457050,2005-08-11,2010-08-09
1356343180,individual,THOMAS W FISS,,FISS,THOMAS,W,MD,M,2085R0202X,2085R0202X,1701 AUGUSTINE CUT OFF,,WILMINGTON,DE,19803,198034415,3026523016,2005-08-11,2010-06-24
1093717621,individual,MARISA CONTI,,CONTI,MARISA,,DO,F,207R00000X,207R00000X,32050 LONG NECK RD,,MILLSBORO,DE,19966,199666228,3026453150,2005-08-12,2025-09-16
1801898556,organization,"WESTSIDE FAMILY HEALTHCARE, INC","WESTSIDE FAMILY HEALTHCARE, INC",,,,,,261QF0400X,261QF0400X,27 MARROWS ROAD,,NEWARK,DE,19713,197133701,3024550900,2005-08-12,2026-02-20
1629070370,individual,JERRY PAUL GLUCKMAN,,GLUCKMAN,JERRY,PAUL,MD,M,207R00000X,207R00000X,1403 FOULK RD STE 105,,WILMINGTON,DE,19803,198034054,3024790100,2005-08-12,2018-03-17
1740282474,individual,RAFI SOOFI-SIAVASH,,SOOFI-SIAVASH,RAFI,,M.D.,M,174400000X,174400000X,1941 LIMESTONE RD,STE. 203,WILMINGTON,DE,19808,198085400,3029991644,2005-08-12,2008-04-29
1952303695,organization,"WESTSIDE FAMILY HEALTHCARE, INC.","WESTSIDE FAMILY HEALTHCARE, INC.",,,,,,261QF0400X,261QF0400X,908 E 16TH ST STE B,,WILMINGTON,DE,19802,198025145,3022251800,2005-08-12,2025-03-25
1346242898,individual,ALLISON LEIGH PAGLIUGHI,,PAGLIUGHI,ALLISON,LEIGH,CRNA,F,367500000X,367500000X,111 CONTINENTAL DR,SUITE 412,NEWARK,DE,19713,197134306,3027094497,2005-08-15,2026-01-09
1487656831,individual,ANTHONY PUNZO,,PUNZO,ANTHONY,,CRNA,M,367500000X,367500000X,111 CONTINENTAL DR,SUITE 412,NEWARK,DE,19713,197134306,3027094497,2005-08-15,2025-09-11
1154313179,individual,LAWRENCE MICHAEL MARKMAN,,MARKMAN,LAWRENCE,MICHAEL,MD,M,207Q00000X,207Q00000X|207QG0300X,202 WOODSTREAM LN,,WILMINGTON,DE,19803,198033300,3025985650,2005-08-16,2018-03-17
1730171950,individual,AMARNATH G SORTUR,,SORTUR,AMARNATH,G,MD,M,2085R0202X,2085R0202X,L6 OMEGA DR,,NEWARK,DE,19713,197132077,3027389300,2005-08-16,2021-06-21
1467444687,individual,SEI HYUN AHN,,AHN,SEI,HYUN,MD,M,207V00000X,207V00000X,2601 ANNAND DR,14 HERITAGE PROF PLAZA,WILMINGTON,DE,19808,198083719,3026339049,2005-08-16,2010-12-16
1598757700,individual,JEFFREY P CIRKS,,CIRKS,JEFFREY,P,PA-C,M,363A00000X,363A00000X,"665 BAY ROAD, UNIT B",,DOVER,DE,19901,199013530,3027449310,2005-08-16,2024-09-17
1538151741,individual,PAUL A FEDALEN,,FEDALEN,PAUL,A,MD,M,208G00000X,208G00000X,540 S GOVERNORS AVE STE 101A,,DOVER,DE,19904,199043530,3027447980,2005-08-16,2021-10-01
1306838529,individual,GARTH KONIVER,,KONIVER,GARTH,,MD,M,2085R0202X,2085R0202X,1701 AUGUSTINE CUT OFF,,WILMINGTON,DE,19803,198034415,3026523016,2005-08-16,2010-08-31
1063404192,individual,MICHAEL LEVITON,,LEVITON,MICHAEL,,MD,M,2085R0202X,2085R0202X,1701 AUGUSTINE CUT OFF,,WILMINGTON,DE,19803,198034415,3026523016,2005-08-16,2020-07-09
1922090026,individual,STEPHEN LAWLESS,,LAWLESS,STEPHEN,,MD,M,2085R0202X,2085R0202X,1701 AUGUSTINE CUT OFF,,WILMINGTON,DE,19803,198034415,3026523016,2005-08-16,2014-02-05
1447242474,individual,JUDITH CAROL WOLLMAN,,WOLLMAN,JUDITH,CAROL,MD,F,207Q00000X,207Q00000X,1401 FOULK ROAD,SUITE 202,WILMINGTON,DE,19803,198032764,3024785650,2005-08-16,2013-12-30
1003808973,individual,SUSAN RUTH CHANDLER,,CHANDLER,SUSAN,RUTH,LPCMH,F,101YM0800X,101YM0800X,1311 N RODNEY ST,,WILMINGTON,DE,19806,198064259,3026526545,2005-08-17,2007-07-08
1063404044,individual,JOHN FREDERICK DECARLI,,DECARLI,JOHN,FREDERICK,D.O.,M,207R00000X,207R00000X,700 W LEA BLVD,SUITE 306,WILMINGTON,DE,19802,198022500,3027619620,2005-08-17,2007-07-08
1043202039,individual,MICHAEL L CAHOON,,CAHOON,MICHAEL,L,DMD,M,1223S0112X,1223S0112X,750 KINGS HWY,STE 107,LEWES,DE,19958,199581772,3026444171,2005-08-17,2026-07-13
1689666588,individual,NARINDER G SINGH,,SINGH,NARINDER,G,MD,M,207Q00000X,207Q00000X,295 E MAIN ST,,NEWARK,DE,19711,197117338,3027372600,2005-08-17,2026-07-13
1265424170,individual,HEATHER L. DEALY,,DEALY,HEATHER,L.,MD,F,207W00000X,207W00000X,1941 LIMESTONE RD,SUITE 200,WILMINGTON,DE,19808,198085408,3029982333,2005-08-17,2014-02-20
1700878790,individual,PABLO D VILLAFUERTE,,VILLAFUERTE,PABLO,D,MD,M,2084P0800X,2084P0800X,1400 DELAWARE AVE,STE 1-A,WILMINGTON,DE,19806,198063089,3026550188,2005-08-17,2013-02-20
1275525008,individual,BONNIE LYNN BURNQUIST,,BURNQUIST,BONNIE,LYNN,MD,F,207Q00000X,207Q00000X,118 ATLANTIC AVE,SUITE201,OCEAN VIEW,DE,19970,199709163,3025376110,2005-08-18,2007-11-05
1306838008,individual,MICHAEL DAVID SOFRONSKI,,SOFRONSKI,MICHAEL,DAVID,M.D.,M,174400000X,174400000X,18947 JOHN J WILLIAMS HWY UNIT 205,,REHOBOTH BEACH,DE,19971,199714476,3023132000,2005-08-18,2022-07-21
1548252265,individual,RICHARD F CARUSO,,CARUSO,RICHARD,F,MD,M,207RG0100X,207RG0100X,1309 SAVANNAH RD,STE B,LEWES,DE,19958,199581514,3026456698,2005-08-18,2020-03-31
1023000759,organization,RICHARD F CARUSO MD PA,RICHARD F CARUSO MD PA,,,,,,207RG0100X,207RG0100X,1309 SAVANNAH RD,STE B,LEWES,DE,19958,199581514,3026456698,2005-08-18,2020-08-22
1578555207,individual,TINA DOMBROSKI,,DOMBROSKI,TINA,,PAC,F,363A00000X,363A00000X,1309 SAVANNAH RD,SUITE B,LEWES,DE,19958,199581514,3026456698,2005-08-18,2026-07-13
1902898596,individual,RAMESH ADABALA,,ADABALA,RAMESH,,"M.D.,",M,207R00000X,207R00000X|207RP1001X,4755 OGLETOWN STANTON ROAD,SUITE 5A43,NEWARK,DE,19718,197182200,3026230188,2005-08-18,2024-08-23
1619969235,individual,EDWARD S JAOUDE,,JAOUDE,EDWARD,S,M.D.,M,207W00000X,207W00000X,28322 LEWES GEORGETOWN HWY,,MILTON,DE,19968,199683117,3026842020,2005-08-19,2026-02-12
1538151055,organization,KENTMERE HOME OF MERCIFUL REST SOCIETY INC.,KENTMERE HOME OF MERCIFUL REST SOCIETY INC.,,,,,,314000000X,314000000X,1900 LOVERING AVE,,WILMINGTON,DE,19806,198062123,3026523311,2005-08-19,2019-12-18
1427040963,individual,JOSE M GUECO,,GUECO,JOSE,M,MD,M,208800000X,208800000X,33B TROLLEY SQ,,WILMINGTON,DE,19806,198063352,3026540997,2005-08-19,2026-07-13
1457343899,individual,BRUCE COLEMAN TURNER,,TURNER,BRUCE,COLEMAN,MD,M,207R00000X,207R00000X,BUILDING K OMEGA DR,OMEGA PROFESSIONAL CENTER SUITE 22,NEWARK,DE,19713,19713,3024569394,2005-08-22,2008-07-08
1255323556,individual,SUZANNE RANSEHOUSEN,,RANSEHOUSEN,SUZANNE,,CRNP,F,363LG0600X,363LG0600X,726 LOVEVILLE RD,,HOCKESSIN,DE,19707,197071515,3022356026,2005-08-22,2010-09-02
1376536623,individual,ELISA M. MONTROSS-LOPEZ,,MONTROSS-LOPEZ,ELISA,M.,MD..,F,207Q00000X,207Q00000X,630 MULBERRY STREET,,MILTON,DE,19968,19968,3026848053,2005-08-23,2012-10-12
1871586123,individual,RAMA D. PERI,,PERI,RAMA,D.,MD,F,207Q00000X,207Q00000X,31347 POINT CIR,,LEWES,DE,19958,199583869,3026440717,2005-08-23,2007-07-08
1184617185,individual,BRIDGET R BEEBE,,BEEBE,BRIDGET,R,RPA-C,F,363AM0700X,363A00000X|363AS0400X|363AM0700X,28538 DUPONT BLVD,,MILLSBORO,DE,19966,199664791,3029345052,2005-08-24,2022-02-08
1124011309,organization,RHEUMATOLOGY CONSULTANTS OF DE PA,RHEUMATOLOGY CONSULTANTS OF DE PA,,,,,,207RR0500X,207RR0500X,20268 PLANTATIONS RD,,LEWES,DE,19958,199584622,3026442633,2005-08-24,2025-12-08
1538152723,individual,GEORGE WILLIAM FRANGIA,,FRANGIA,GEORGE,WILLIAM,PH.D.,M,103T00000X,103T00000X,220 KELSEY LYNN CT,,TOWNSEND,DE,19734,197342024,3023787505,2005-08-24,2013-02-21
1497748339,organization,CHESWOLD VOLUNTEER FIRE COMPANY,CHESWOLD VOLUNTEER FIRE COMPANY,,,,,,341600000X,341600000X,371 MAIN ST.,,CHESWOLD,DE,19936,199360186,3027361516,2005-08-25,2020-08-22
1821081886,individual,CATHERINE MARIE WESTROM,,WESTROM,CATHERINE,MARIE,CRNA,F,367500000X,367500000X|363A00000X,640 S STATE ST,,DOVER,DE,19901,199013530,3026744700,2005-08-25,2026-06-15
1962495838,organization,BAYHEALTH MEDICAL CENTER / KENT GENERAL HOSPITAL,BAYHEALTH MEDICAL CENTER / KENT GENERAL HOSPITAL,,,,,,207Q00000X,207Q00000X,640 S STATE ST,,DOVER,DE,19901,199013530,3027447039,2005-08-25,2020-08-22
1639162613,organization,"LEWES FIRE DEPARTMENT, INC","LEWES FIRE DEPARTMENT, INC",,,,,,341600000X,341600000X,347 SAVANNAH RD,,LEWES,DE,19958,199581438,3026456556,2005-08-25,2012-12-27
1891788519,individual,JEROME E GROLL,,GROLL,JEROME,E,MD,M,207Q00000X,207Q00000X,34445 KING STREET ROW,,LEWES,DE,19958,199584787,3026452833,2005-08-28,2016-12-21
1598758237,individual,STEPHEN H FRANKLIN,,FRANKLIN,STEPHEN,H,M.D.,M,207W00000X,207W00000X,1207 N SCOTT ST,,WILMINGTON,DE,19806,198064059,3026523353,2005-08-29,2007-11-17
1306839048,individual,JOSE ANTONIO PANDO,,PANDO,JOSE,ANTONIO,MD,M,207RR0500X,207RR0500X,20268 PLANTATIONS RD,,LEWES,DE,19958,199584622,3026442633,2005-08-29,2025-11-04
1093708562,individual,MAUREEN SYNTAX,,SYNTAX,MAUREEN,,CRNA,F,367500000X,367500000X,424 SAVANNAH RD,,LEWES,DE,19958,199581462,3026453300,2005-08-30,2012-08-20
1669465191,individual,BRUCE HENRY MCFALL,,MCFALL,BRUCE,HENRY,DO,M,207Q00000X,2083A0100X|207Q00000X,1010 N BANCROFT PKWY,SUITE 203,WILMINGTON,DE,19805,198052690,3026522455,2005-08-30,2011-10-20
1629061064,individual,DMITRY GORELIK,,GORELIK,DMITRY,,MD,M,207L00000X,208D00000X|207L00000X,2 READS WAY,STE 201,NEW CASTLE,DE,19720,197201607,3027094709,2005-08-30,2015-08-14
1376536813,individual,PHILLIP WARREN PETTERBORG,,PETTERBORG,PHILLIP,WARREN,OD,M,152W00000X,152W00000X,300 TUSKEGEE BLVD,,DOVER AFB,DE,19902,199025300,3026772574,2005-08-30,2026-07-13
1710971189,organization,"ST FRANCIS HEALTHCARE, INC.","ST FRANCIS HEALTHCARE, INC.",,,,,,282N00000X,282N00000X,7TH AND N CLAYTON STREET,,WILMINGTON,DE,19805,198053155,3024214100,2005-08-31,2020-08-22
1376537746,individual,DAI OK MOON,,MOON,DAI,OK,MD,M,207X00000X,207X00000X,C-83 OMEGA DRIVE,,NEWARK,DE,19713,19713,3027310600,2005-08-31,2013-01-24
1992798367,individual,JOHN CHARLES FINLEY,,FINLEY,JOHN,CHARLES,ATC,M,2255A2300X,2255A2300X,4701 LIMESTONE RD,GOLDEY-BEACOM COLLEGE,WILMINGTON,DE,19808,198081927,3022256217,2005-08-31,2026-07-13
1306830625,organization,PRESBYTERIAN HOMES INC.,PRESBYTERIAN HOMES INC.,,,,,,314000000X,314000000X,1175 MCKEE RD,,DOVER,DE,19904,199042268,7175028595,2005-09-01,2013-07-11
1003800384,organization,"HARRISON HOUSE OF GEORGETOWN,INC","HARRISON HOUSE OF GEORGETOWN,INC",,,,,,314000000X,314000000X,110 W NORTH ST,,GEORGETOWN,DE,19947,199472137,3028564574,2005-09-01,2007-12-05
1902890148,individual,IAN MICHAEL BAXTER,,BAXTER,IAN,MICHAEL,D.O.,M,207V00000X,207V00000X,100 RAWLINS DRIVE,,SEAFORD,DE,19973,19973,3026293923,2005-09-02,2017-04-04
1821082892,individual,MICHAEL H MARK,,MARK,MICHAEL,H,MD,M,2084N0400X,2084N0400X,28467 DUPONT BLVD,,MILLSBORO,DE,19966,199663749,3029330111,2005-09-07,2013-04-09
1912991860,individual,MATTHEW PATRICK GOTTHOLD,,GOTTHOLD,MATTHEW,PATRICK,M.D.,M,208000000X,208000000X,1202 FOULK RD,,WILMINGTON,DE,19803,198032796,3027626222,2005-09-07,2026-07-13
1558355412,individual,MARGARET KINKEAD COLVIN,,COLVIN,MARGARET,KINKEAD,LPCMH RPT IBECPT NCE,F,101YM0800X,101YM0800X,115 N WALNUT ST,STE C,MILFORD,DE,19963,199631447,3024241322,2005-09-07,2026-07-13
1285628248,individual,FRANCIS C DRURY,,DRURY,FRANCIS,C,MD,M,207X00000X,207X00000X,800 N DUPONT HWY,,MILFORD,DE,19963,199631006,3024223000,2005-09-07,2026-07-13
1194719161,individual,GREGORY S SENDER,,SENDER,GREGORY,S,PA-C,M,363A00000X,363A00000X,100 WELLNESS WAY,,MILFORD,DE,19963,199634364,3025032300,2005-09-07,2024-07-31
1629062583,individual,JASON BRETT HANN-DESCHAINE,,HANN-DESCHAINE,JASON,BRETT,M.D.,M,208000000X,208000000X,3171 DUPONT PKWY,,TOWNSEND,DE,19734,197349780,3024492570,2005-09-07,2026-07-13
1205820172,individual,DAWN SCHATZ,,SCHATZ,DAWN,,LCSW,F,1041C0700X,1041C0700X,11 CRAWFORD ST,,MIDDLETOWN,DE,19709,197091116,3028981616,2005-09-07,2008-06-20
1558355420,individual,CORA INETTIE RANDLE,,RANDLE,CORA,INETTIE,MD,F,207R00000X,207R00000X,300 TUSKEGEE BLVD,,DOVER AFB,DE,19902,199025300,3026772525,2005-09-07,2026-07-13
1043204027,individual,JOSEPH F SPERA,,SPERA,JOSEPH,F,DMD,M,1223S0112X,1223S0112X,2101 FOULK RD,,WILMINGTON,DE,19810,198104710,3024751122,2005-09-07,2012-11-28
1063406916,individual,TEMA S SOKOLOFF,,SOKOLOFF,TEMA,S,LPCMH,F,101YP2500X,101YP2500X,507 PHILADELPHIA PIKE,,WILMINGTON,DE,19809,198092154,3027628989,2005-09-07,2026-07-13
1811981525,individual,SUSAN WHITE,,WHITE,SUSAN,,LCSW,F,1041C0700X,1041C0700X,507 PHILADELPHIA PIKE,,WILMINGTON,DE,19809,198092154,3027628989,2005-09-08,2007-07-08
1497749006,individual,PATRICIA A.L. SCOTT,,SCOTT,PATRICIA,A.L.,M.D.,F,208000000X,208000000X,1202 FOULK RD,,WILMINGTON,DE,19803,198032796,3027626222,2005-09-09,2026-07-13
1235123837,individual,BRENDA KAY MCKENZIE,,MCKENZIE,BRENDA,KAY,MSN,F,363LF0000X,363LF0000X,4701 OGLETOWN STANTON RD,SUITE 2335,NEWARK,DE,19713,197132055,3026234285,2005-09-09,2012-02-01
1548254170,individual,NGHIA HUU NGUYEN,,NGUYEN,NGHIA,HUU,MD,M,208000000X,208000000X,300 TUSKEGEE BLVD,,DOVER AFB,DE,19902,199025300,3026772525,2005-09-09,2025-01-24
1104811645,individual,LILLIAN VIRGINIA KRAMAN-ROACH,,KRAMAN-ROACH,LILLIAN,VIRGINIA,MD,F,2084P0800X,2084P0800X,846 WALKER RD,SUITE 31-2,DOVER,DE,19904,199042756,3026749188,2005-09-12,2026-07-13
1588658082,individual,ANDREW P ROBINSON,,ROBINSON,ANDREW,P,MD,M,207X00000X,207X00000X,1021 GILPIN AVE STE 100,,WILMINGTON,DE,19806,198063271,4109335678,2005-09-12,2022-07-21
1386638807,individual,EDWARD LEE ALEXANDER,,ALEXANDER,EDWARD,LEE,M.D.,M,208600000X,208600000X,724 S NEW ST,,DOVER,DE,19904,199043540,3026744070,2005-09-12,2024-11-01
1649265117,individual,JOHN WILLIAM TYSON,,TYSON,JOHN,WILLIAM,MD,M,208600000X,208600000X,33672 BAYVIEW MEDICAL DR FL 1,,LEWES,DE,19958,199581687,3027033630,2005-09-12,2025-06-10
1134114580,individual,JOSEPH M PARISE,,PARISE,JOSEPH,M,D.O.,M,207Q00000X,207Q00000X,720 S QUEEN ST,,DOVER,DE,19904,199043567,3027347834,2005-09-13,2021-07-02
1295720522,individual,DENNIS R MIRRA,,MIRRA,DENNIS,R,O. D.,M,152W00000X,152W00000X,885 S GOVERNORS AVE,,DOVER,DE,19904,199044158,3027345861,2005-09-13,2014-01-31
1548255862,organization,"STEELE'S HOME HEALTH CARE, INC.","STEELE'S HOME HEALTH CARE, INC.",,,,,,332B00000X,332B00000X,822 S STATE ST,,DOVER,DE,19901,199014148,3026744211,2005-09-13,2020-08-22
1285629683,individual,DECLAN QUIGLEY,,QUIGLEY,DECLAN,,MD,M,207R00000X,207R00000X,111 CONTINENTAL DR,SUITE 406,NEWARK,DE,19713,197134306,3023682630,2005-09-13,2014-04-29
1063407328,individual,AMY J ROBINSON,,ROBINSON,AMY,J,M.D.,F,207Q00000X,207Q00000X,34445 KING STREEET ROW,,LEWES,DE,19958,19958,3026452833,2005-09-13,2026-07-13
1356336622,organization,CHANCELLOR CARE CENTER OF DELMAR,CHANCELLOR CARE CENTER OF DELMAR,,,,,,314000000X,314000000X,101 DELAWARE AVE,,DELMAR,DE,19940,199401110,3028463077,2005-09-13,2020-08-22
1871588152,individual,PERRIN DUNLAP SMITH,,SMITH,PERRIN,DUNLAP,LCSW,F,1041C0700X,1041C0700X,115 N WALNUT ST,SUITE C,MILFORD,DE,19963,199631447,3024241322,2005-09-13,2026-07-13
1215922349,organization,"FOOT CARE GROUP, P.A.","FOOT CARE GROUP, P.A.",,,,,,213ES0103X,213ES0103X,1601 MILLTOWN RD,SUITE 24,WILMINGTON,DE,19808,198084027,3029980178,2005-09-14,2025-07-01
1275528309,individual,JASON M. BELL,,BELL,JASON,M.,D.P.M.,M,213ES0103X,213ES0103X,1 CENTURIAN DRIVE,SUITE 101,NEWARK,DE,19713,197132137,3029945275,2005-09-14,2011-09-22
1790770956,individual,JOHN W. OSTROWSKI,,OSTROWSKI,JOHN,W.,MD,M,207L00000X,207L00000X|207LP3000X,1600 ROCKLAND ROAD,,WILMINGTON,DE,19803,198033607,3026514000,2005-09-14,2011-09-26
1780679738,organization,MANUAL ORTHOPAEDIC PHYSIOTHERAPY CHARTERED,MANUAL ORTHOPAEDIC PHYSIOTHERAPY CHARTERED,,,,,,261QP2000X,261QP2000X,2323 PENNSYLVANIA AVE,2ND FLOOR,WILMINGTON,DE,19806,198061332,3028882551,2005-09-15,2020-08-22
1265427330,individual,MELVIN L MORSE,,MORSE,MELVIN,L,MD,M,208000000X,208000000X|2080A0000X,611 FEDERAL ST,SUITE 3,MILTON,DE,19968,199681115,3026841119,2005-09-15,2009-02-18
1700871753,individual,ERIK T VAN DOORNE,,VAN DOORNE,ERIK,T,DPT,M,225100000X,225100000X,2323 PENNSYLVANIA AVE,2ND FLOOR,WILMINGTON,DE,19806,198061332,3028882551,2005-09-15,2007-07-08
1235124306,individual,THERESA MARIE JOHNSTON,,JOHNSTON,THERESA,MARIE,NP,F,363LF0000X,363LF0000X,4745 OGLETOWN STANTON RD,MEDICAL ARTS PAVILLION 1 SUITE 136,NEWARK,DE,19713,197132067,3027332387,2005-09-15,2026-07-13
1376538330,individual,LEAH HIGGINS,,HIGGINS,LEAH,,PA-C,F,363A00000X,363AM0700X|363A00000X,19161 HEALTHY WAY UNIT 100,,REHOBOTH BEACH,DE,19971,199714491,3026453010,2005-09-15,2026-05-13
1871588780,organization,REBECCA JAFFE AND ASSOCIATES PA,REBECCA JAFFE AND ASSOCIATES PA,,,,,,207Q00000X,207Q00000X,3105 LIMESTONE RD STE 301,,WILMINGTON,DE,19808,198082156,3029920200,2005-09-16,2022-05-24
1801881669,organization,"AMEDISYS DELAWARE, L.L.C.","AMEDISYS DELAWARE, L.L.C.",,,,,,251E00000X,251E00000X,1201 COLLEGE PARK DR STE 101,,DOVER,DE,19904,199048702,3026784764,2005-09-16,2026-03-20
1043205818,individual,BRYNA K MILIONIS,,MILIONIS,BRYNA,K,FNP-C,F,363LF0000X,363LF0000X,802 DELAWARE AVE,,WILMINGTON,DE,19801,198011377,3027788980,2005-09-16,2025-09-26
1174518963,individual,ROBIN L REDMAN,,REDMAN,ROBIN,L,LPCMH,F,101YM0800X,101YM0800X,405 FOULK RD,,WILMINGTON,DE,19803,198033809,3026553953,2005-09-17,2026-07-13
1700871506,organization,"PROFESSIONAL HOME HEALTH SERVICES, INC","PROFESSIONAL HOME HEALTH SERVICES, INC",,,,,,251E00000X,251E00000X,2145 S DUPONT HWY,,DOVER,DE,19901,199015561,3026977125,2005-09-19,2008-05-19
1598750176,individual,RICHARD CHARLES LANDON,,LANDON,RICHARD,CHARLES,MSPT,M,225100000X,225100000X,1812 MARSH RD,STORE 505,WILMINGTON,DE,19810,198104581,3024757500,2005-09-20,2012-11-21
1043205628,individual,DEBORAH APOLLO SHEPARD,,SHEPARD,DEBORAH,APOLLO,FNP-C,F,363LF0000X,363LF0000X,64 BUNTINGS MILL CT,,SELBYVILLE,DE,19975,199753627,9528077162,2005-09-20,2025-05-02
1396730974,organization,UROLOGY ASSOCIATES OF DELAWARE P.A.,UROLOGY ASSOCIATES OF DELAWARE P.A.,,,,,,208800000X,208800000X,200 BANNING ST,SUITE 250,DOVER,DE,19904,19904,3027361320,2005-09-20,2025-11-26
1205821881,individual,MICHAEL RAFAEL ZARAGOZA,,ZARAGOZA,MICHAEL,RAFAEL,MD,M,208800000X,208800000X,200 BANNING ST,SUITE 250,DOVER,DE,19904,19904,3027361320,2005-09-20,2020-10-01
1356336937,individual,JOOHYONG HENRY KIM,,KIM,JOOHYONG,HENRY,MD,M,208800000X,208800000X,200 BANNING ST,SUITE 250,DOVER,DE,19904,19904,3027361320,2005-09-20,2008-09-05
1477548063,individual,MICHAEL P. SPELLICY,,SPELLICY,MICHAEL,P.,O.D.,M,152W00000X,152W00000X,1404 FORREST AVE STE 1,,DOVER,DE,19904,199043478,3023462020,2005-09-20,2022-01-19
1891780409,individual,ROBERT DRESSLER,,DRESSLER,ROBERT,,MD,M,207RN0300X,207RN0300X,4755 OGLETOWN-STANTON ROAD,,NEWARK,DE,19718,19718,3027336343,2005-09-20,2011-11-22
1558357178,individual,ROBERT A CHUDA,,CHUDA,ROBERT,A,DO,M,207L00000X,207L00000X,321 QUIMBY DR,,WILMINGTON,DE,19808,198083615,5188109930,2005-09-20,2013-09-05
1245226828,individual,CHRISTOPHER JOSEPH VALLOROSI,,VALLOROSI,CHRISTOPHER,JOSEPH,MD,M,208800000X,208800000X,200 BANNING ST,SUITE 250,DOVER,DE,19904,19904,3027361320,2005-09-20,2008-09-05
1699761288,individual,HUGH BONNER,,BONNER,HUGH,,MD,M,207Q00000X,207Q00000X,701 N CLAYTON ST,2ND FLOOR MEDICAL SERVICE BUILDING,WILMINGTON,DE,19805,198053165,3025758040,2005-09-20,2021-05-10
1134114747,individual,GERTRUDE FINDLEY-CHRISTIAN,,FINDLEY-CHRISTIAN,GERTRUDE,,M.D.,F,207RN0300X,207RN0300X,1198 S GOVERNORS AVE STE B100,,DOVER,DE,19904,199046930,3027343227,2005-09-20,2021-06-22
1194711754,individual,SULEIMAN ABU AFASH,,ABU AFASH,SULEIMAN,,MD,M,207L00000X,207L00000X,7TH & CLAYTON STS,,WILMINGTON,DE,19805,19805,6107898070,2005-09-20,2015-08-06
1730175399,individual,NEERAJ KAPUR,,KAPUR,NEERAJ,,M.D.,M,207LP2900X,207L00000X|207LP2900X,701 N. CLAYTON ST.,3RD FLOOR,WILMINGTON,DE,19805,198053518,3024214330,2005-09-20,2012-05-29
1851387401,individual,GLORIA ZEHNACKER,,ZEHNACKER,GLORIA,,CRNA,F,367500000X,367500000X,2006 LIMESTONE RD,SUITE 5,WILMINGTON,DE,19808,198085553,3029951860,2005-09-20,2016-04-12
1285629808,individual,JASON MICHAEL WALTHER,,WALTHER,JASON,MICHAEL,MD,M,208800000X,208800000X,200 BANNING ST,SUITE 250,DOVER,DE,19904,19904,3027361320,2005-09-20,2008-09-04
1154317717,individual,CAROLYN GRANT LANE,,LANE,CAROLYN,GRANT,CRNA,F,367500000X,163W00000X|367500000X,640 S STATE ST,,DOVER,DE,19901,199013530,3026744700,2005-09-20,2013-02-12
1881680445,individual,MARY RUTH MILLEY,,MILLEY,MARY,RUTH,CRNA,F,163W00000X,163W00000X|367500000X,701 N CLAYTON ST,3RD FLOOR,WILMINGTON,DE,19805,198053158,3024214330,2005-09-20,2022-10-14
1952397515,individual,MIKHAEL SARKIS,,SARKIS,MIKHAEL,,MD,M,207L00000X,207L00000X,7TH B CLAYTON ST S,4TH FLOOR ANESTHESIA,WILMINGTON,DE,29805,29805,3024214331,2005-09-20,2007-11-01
1366438822,individual,RITU RASTOGI,,RASTOGI,RITU,,MD,F,207R00000X,207R00000X,1601 MILLTOWN RD,SUITE 2,WILMINGTON,DE,19808,198084027,3025436165,2005-09-21,2018-02-06
1326034893,individual,ARUN V MALHOTRA,,MALHOTRA,ARUN,V,M.D.,M,207RN0300X,207RN0300X,"701 NORTH CLAYTON STREET,",SUITE 401 ST. FRANCIS MEDICAL SERVICES BUILDING,WILMINGTON,DE,19805,198053165,3024219411,2005-09-21,2021-06-17
1669468138,individual,FRANCIS A MARRO,,MARRO,FRANCIS,A,M.D.,M,207RN0300X,207RN0300X,748 S NEW ST,SUITES C & D,DOVER,DE,19904,199043573,3027343227,2005-09-21,2026-07-13
1417943994,individual,THEODORE F SAAD,,SAAD,THEODORE,F,M.D.,M,207RN0300X,207RN0300X,1092 OLD CHURCHMANS RD,,NEWARK,DE,19713,197132102,3024729880,2005-09-21,2021-06-17
1184610511,individual,THOMAS F. BOERNER,,BOERNER,THOMAS,F.,M.D.,M,207L00000X,207L00000X,2006 LIMESTONE RD,SUITE 5,WILMINGTON,DE,19808,19808,3029951860,2005-09-21,2021-05-26
1235125675,individual,CHERYL K GAMBLE,,GAMBLE,CHERYL,K,CRNA,F,367500000X,163W00000X|367500000X,701 N CLAYTON ST,3RD FLOOR,WILMINGTON,DE,19805,198053518,3024214330,2005-09-21,2012-11-06
1982690111,individual,JOSEPH A KUHN,,KUHN,JOSEPH,A,M.D.,M,207RN0300X,207RN0300X,4923 OGLETOWN STANTON RD,SUITE 200,NEWARK,DE,19713,197132081,3022250451,2005-09-22,2011-06-15
1144216490,organization,DELMAR MEDICAL CENTER PA,DELMAR MEDICAL CENTER PA,,,,,,207R00000X,207R00000X,1350 MIDDLEFORD RD,SUITE 501,SEAFORD,DE,19973,199733612,3026284370,2005-09-22,2007-12-14
1881680023,individual,MICHAEL K POLNEROW,,POLNEROW,MICHAEL,K,D.O.,M,207RN0300X,207RN0300X,701 N CLAYTON ST STE 401,ST. FRANCIS MEDICAL SERVICES BUILDING,WILMINGTON,DE,19805,198053165,3024219411,2005-09-22,2011-06-15
1598751760,individual,KRISTINA BRANDIS,,BRANDIS,KRISTINA,,LCSW,F,1041C0700X,1041C0700X,401 E 12TH ST,,WILMINGTON,DE,19801,198013403,3025768080,2005-09-23,2019-10-03
1700872819,individual,DAVID ROBINSON,,ROBINSON,DAVID,,MD,M,207W00000X,207W00000X,18791 JOHN J WILLIAMS HWY,,REHOBOTH BEACH,DE,19971,199714401,3026452300,2005-09-23,2014-09-16
1790771822,individual,JAY C. TAYLOR,,TAYLOR,JAY,C.,O.D.,M,152W00000X,152W00000X,18979 COASTAL HWY UNIT 201,,REHOBOTH BEACH,DE,19971,199716222,3024709616,2005-09-23,2021-09-15
1659367530,individual,JOHN MOORE,,MOORE,JOHN,,,M,207Q00000X,207Q00000X,1100 S BROOM ST,,WILMINGTON,DE,19805,198054585,3026565416,2005-09-26,2026-07-13
1912993809,individual,NUTAN P WINSTON,,WINSTON,NUTAN,P,M.D.,F,207L00000X,207L00000X,701 N CLAYTON ST,3RD FLOOR,WILMINGTON,DE,19805,198053165,3024214330,2005-09-26,2022-01-07
1790771632,individual,SUZANNE M ROULEAU,,ROULEAU,SUZANNE,M,LCSW,F,1041C0700X,1041C0700X,5181 W WOODMILL DR STE 4,,WILMINGTON,DE,19808,198084067,3024795157,2005-09-26,2026-05-08
1073500708,individual,SALLIE POTTER ANDERSON,,ANDERSON,SALLIE,POTTER,MSW LCSW,F,1041C0700X,1041C0700X,405 FOULK RD,,WILMINGTON,DE,19803,198033809,3026551100,2005-09-27,2026-07-13
1205822970,individual,NANCY GORDON,,GORDON,NANCY,,LCSW,F,1041C0700X,1041C0700X,5700 KIRKWOOD HWY,SUTIE 104,WILMINGTON,DE,19808,198084857,3029957001,2005-09-27,2008-07-11
1578559241,individual,KAREN L SCHREIBER,,SCHREIBER,KAREN,L,CNM,F,367A00000X,367A00000X,100 RAWLINS DRIVE,,SEAFORD,DE,19973,19973,3026298977,2005-09-27,2015-11-18
1437146180,individual,INA LI,,LI,INA,,M.D.,F,207QG0300X,207QG0300X,1401 FOULK RD,SUITE 100,WILMINGTON,DE,19803,198032763,3024774511,2005-09-28,2008-06-23
1770570467,organization,"DELAWARE EYE SURGERY CENTER, LLC","DELAWARE EYE SURGERY CENTER, LLC",,,,,,261QA1903X,261QA1903X,18791 JOHN J WILLIAMS HWY STE 2,,REHOBOTH BEACH,DE,19971,199714401,3026452300,2005-09-29,2020-02-05
1326035916,individual,NANCY J MOORE,,MOORE,NANCY,J,APN,F,363LF0000X,363LF0000X,282 THE GREEN,UNIVERSITY OF DELAWARE STUDENT HEALTH SERVICE,NEWARK,DE,19716,19716,3028312226,2005-09-29,2012-09-05
1588651962,individual,SHERI LYNN BROWN,,BROWN,SHERI,LYNN,FNP-C,F,363LF0000X,363LF0000X,324 E MAIN ST,SUITE 202,NEWARK,DE,19711,197117150,3023692751,2005-09-30,2008-08-27
1588651020,individual,TIMOTHY LEE PENDERGRASS,,PENDERGRASS,TIMOTHY,LEE,MD,M,2085R0202X,2085R0202X,300 TUSKEGEE BLVD,436 MDG CC STE 1B22,DOVER AFB,DE,19902,199025300,3026772525,2005-09-30,2008-01-22
1427045855,individual,MARGUERITE THELMA LENHARDT,,LENHARDT,MARGUERITE,THELMA,FNP,F,363LF0000X,363LF0000X,200 BANNING ST,SUITE 170,DOVER,DE,19904,199043485,3026741999,2005-09-30,2010-02-16
1033106323,individual,SANDRA LEE KNAUER-KING,,KNAUER-KING,SANDRA,LEE,MSW,F,101YM0800X,101YM0800X,401 N BROAD ST,,MIDDLETOWN,DE,19709,197091037,3023760621,2005-10-01,2016-08-31
1164419461,individual,SUSAN WOODWARD,,WOODWARD,SUSAN,,LCSW,F,1041C0700X,1041C0700X,405 FOULK RD,,WILMINGTON,DE,19803,198033809,3026553953,2005-10-02,2026-07-13
1962499210,individual,DIANE DENNISON,,DENNISON,DIANE,,LCSW,F,101YM0800X,101YM0800X,405 FOULK RD,SOAR,WILMINGTON,DE,19803,198033809,3026559049,2005-10-03,2026-07-13
1689661928,individual,JOSE S PICAZO,,PICAZO,JOSE,S,MD,M,207V00000X,207V00000X,600 CHRISTIANA MEDICAL CTR,,NEWARK,DE,19702,197021656,3027386535,2005-10-03,2010-08-18
1861489189,individual,KIMBERLY A WESTRA,,WESTRA,KIMBERLY,A,CRNA,F,163W00000X,163W00000X|367500000X,640 S STATE ST,,DOVER,DE,19901,199013530,3026744700,2005-10-03,2023-11-02
1346237559,individual,ANDREW W DONOHUE,,DONOHUE,ANDREW,W,D.O.,M,2084F0202X,2084P0800X|2084F0202X,1415 FOULK RD STE 104,,WILMINGTON,DE,19803,198032748,3024781450,2005-10-03,2018-04-27
1649267717,individual,NORMAN H BOYER,,BOYER,NORMAN,H,MD,M,2085R0202X,2085R0202X,424 SAVANNAH RD,,LEWES,DE,19958,199581462,3026453636,2005-10-04,2007-07-17
1033106109,individual,JEFFREY MCCANN,,MCCANN,JEFFREY,,MD,M,2085R0202X,2085R0202X,424 SAVANNAH RD,,LEWES,DE,19958,199581462,3026453300,2005-10-04,2012-04-26
1790772879,individual,ELLEN ALBERT,,ALBERT,ELLEN,,MD,F,2085R0202X,2085R0202X,424 SAVANNAH RD,,LEWES,DE,19958,199581462,3026453636,2005-10-04,2025-09-17
1912994096,individual,ANDREW DAHLKE,,DAHLKE,ANDREW,,MD,M,2085R0202X,2085R0202X,424 SAVANNAH RD,,LEWES,DE,19958,199581462,3026453636,2005-10-04,2017-01-24
1275520355,individual,FRANCES ESPOSITO,,ESPOSITO,FRANCES,,MD,F,2085R0202X,2085R0202X,424 SAVANNAH RD,,LEWES,DE,19958,199581462,3026453636,2005-10-04,2007-07-17
1689661779,individual,JEFFREY ROSE,,ROSE,JEFFREY,,MD,M,2085R0202X,2085R0202X,424 SAVANNAH RD,,LEWES,DE,19958,199581462,3026453636,2005-10-04,2007-07-17
1316934417,individual,JOSE M SAEZ,,SAEZ,JOSE,M,D.O.,M,207RN0300X,207RN0300X,36022 TARPON DR,,LEWES,DE,19958,199585058,3024300442,2005-10-04,2018-11-14
1851388953,individual,SHALINI G SEHGAL,,SEHGAL,SHALINI,G,M.D.,F,207RN0300X,207RN0300X,34434 KING STREET ROW,SUITE 4,LEWES,DE,19958,199584787,3023600142,2005-10-04,2021-06-17
1821085929,individual,LINDSEY M SLATER,,SLATER,LINDSEY,M,M.D.,F,207RN0300X,207RN0300X,4923 OGLETOWN STANTON RD,SUITE 200,NEWARK,DE,19713,197132081,3022250451,2005-10-04,2021-06-17
1780671867,individual,MICHAEL RAMJATTANSINGH,,RAMJATTANSINGH,MICHAEL,,MD,M,2085R0202X,2085R0202X,424 SAVANNAH RD,,LEWES,DE,19958,199581462,3026453636,2005-10-04,2007-07-17
1508853615,individual,MIROSLAW P ZDUNEK,,ZDUNEK,MIROSLAW,P,M.D.,M,207RN0300X,207RN0300X,701 N CLAYTON ST STE 401,ST FRANCIS MEDICAL SERVICES BUILDING,WILMINGTON,DE,19805,198053165,3024219411,2005-10-04,2021-06-17
1326035361,individual,BETH ANN PADALINO,,PADALINO,BETH,ANN,CRNA,F,367500000X,163W00000X|367500000X,2006 LIMESTONE RD,SUITE 5,WILMINGTON,DE,19808,198085553,3029951860,2005-10-04,2013-06-19
1295722155,individual,SUSAN FULLERTON,,FULLERTON,SUSAN,,MSN,F,363L00000X,363L00000X,4923 OGLETOWN STANTON RD,SUITE 200,NEWARK,DE,19713,197132081,3022250451,2005-10-05,2011-06-15
1568459428,individual,JUDITH H HEAP,,HEAP,JUDITH,H,MSN,F,363L00000X,363L00000X,748 S NEW ST,SUITES C&D,DOVER,DE,19904,199043573,3027343227,2005-10-05,2011-06-15
1518954478,individual,LORI HEPPARD GRANT,,GRANT,LORI,HEPPARD,DNP,F,363L00000X,363L00000X,2710 GLASGOW AVE,,NEWARK,DE,19702,197024736,3028348686,2005-10-05,2020-08-14
1942297890,individual,FRANCISCO RODRIGUEZ,,RODRIGUEZ,FRANCISCO,,MD,M,208600000X,208600000X,100 WELLNESS WAY,BAYHEALTH SUSSEX CAMPUS,MILFORD,DE,19963,19963,3024247522,2005-10-05,2019-01-08
1740277615,individual,TAMARA J NEWELL,,NEWELL,TAMARA,J,M.S.,F,363L00000X,363L00000X,4923 OGLETOWN STANTON RD,SUITE 200,NEWARK,DE,19713,197132081,3022250451,2005-10-05,2011-06-15
1558358424,individual,DEBORAH PETERMAN,,PETERMAN,DEBORAH,,NP-C,F,363L00000X,363L00000X,34434 KING STREET ROW,SUITE 4,LEWES,DE,19958,199584787,3023600142,2005-10-05,2011-06-15
1871580696,individual,JULIE A. HOLMON,,HOLMON,JULIE,A.,M.D.,F,207R00000X,208M00000X|207R00000X,424 SAVANNAH RD,,LEWES,DE,19958,199581462,3026453555,2005-10-06,2025-06-04
1144218744,individual,FREDERICK KURZ,,KURZ,FREDERICK,,PH.D.,M,103G00000X,103G00000X,1601 DELAWARE AVE,SUITE 32 B,WILMINGTON,DE,19806,198063303,3026612328,2005-10-10,2026-07-13
1922096494,individual,AUDREY ANN SERNYAK,,SERNYAK,AUDREY,ANN,MD,F,207RC0000X,207RI0011X|207RC0000X,86 OMEGA DR BLDG B-86,,NEWARK,DE,19713,197132065,3026231929,2005-10-10,2022-07-21
1023006434,organization,"BAYHEALTH MEDICAL CENTER, INC.","BAYHEALTH MEDICAL CENTER, INC.",,,,,,282N00000X,261QU0200X|282N00000X,100 WELLNESS WAY,,MILFORD,DE,19963,199634364,3024305738,2005-10-10,2024-04-09
1720076045,individual,FREDERICK COOK,,COOK,FREDERICK,,MD,M,207W00000X,207W00000X,18791 JOHN J WILLIAMS HWY,,REHOBOTH BEACH,DE,19971,199714401,3026452300,2005-10-11,2014-09-16
1609864982,individual,JAMES E. SPELLMAN,,SPELLMAN,JAMES,E.,MD,M,2086X0206X,2086X0206X,18947 JOHN J WILLIAMS HWY,SUITE 205,REHOBOTH BEACH,DE,19971,199714474,3026440964,2005-10-11,2014-02-05
1407844673,individual,KRISTINE ROHRBAUGH,,ROHRBAUGH,KRISTINE,,AUD CCC-A,F,231H00000X,231H00000X,4735 OGLETOWN STANTON RD,"MEDICAL ARTS PAVILLION 2, SUITE 1205",NEWARK,DE,19713,197132072,3026234050,2005-10-11,2013-08-08
1306834585,individual,LUIS M GARCIA,,GARCIA,LUIS,M,DPM FACFAS,M,213E00000X,213E00000X,1941 LIMESTONE RD,SUITE 208,WILMINGTON,DE,19808,198085400,3029945956,2005-10-11,2014-01-31
1245228220,individual,JOSEPH H. PIATT,,PIATT,JOSEPH,H.,MD,M,207T00000X,207T00000X,1600 ROCKLAND ROAD,,WILMINGTON,DE,19803,198033607,3026514200,2005-10-12,2011-10-11
1316935349,organization,PHARMACY MANAGEMENT CORPORATION,PHARMACY MANAGEMENT CORPORATION,,,,,,333600000X,333600000X,111 DARLEY RD,,CLAYMONT,DE,19703,197032723,3027986641,2005-10-13,2020-08-22
1710976642,individual,WADIA R MULLA,,MULLA,WADIA,R,MD,F,207SG0201X,207SG0201X|207V00000X|207VM0101X|207VX0000X,1060 S GOVERNORS AVE,SUITE 102,DOVER,DE,19904,199046920,3027446220,2005-10-13,2012-10-12
1386632271,individual,MARIA ANGELA DIZON,,DIZON,MARIA,ANGELA,MD,F,207ZP0102X,207ZP0102X,701 N CLAYTON ST STE 301,,WILMINGTON,DE,19805,198053165,3025788103,2005-10-13,2024-09-03
1467440354,individual,JOHN J CHABALKO,,CHABALKO,JOHN,J,MD,M,207RP1001X,207RP1001X,3710 KENNETT PIKE,GREENVILLE MEDICAL CENTER II,GREENVILLE,DE,19807,198072157,3026236333,2005-10-13,2014-03-11
1316936271,individual,CHRISTOS KARAGIANNOPOULOS,,KARAGIANNOPOULOS,CHRISTOS,,PT,M,225100000X,225100000X,1812 MARSH RD,STORE 505,WILMINGTON,DE,19810,198104581,3024757500,2005-10-13,2013-03-14
1821086786,individual,MAGAN FORMAN,,FORMAN,MAGAN,,PT,F,225100000X,225100000X,325 ORACLE RD,,WILMINGTON,DE,19808,198081562,4433862365,2005-10-13,2022-06-06
1669460531,individual,RHODA L POWELL,,POWELL,RHODA,L,,F,2086S0122X,2086S0122X,1600 ROCKLAND RD,,WILMINGTON,DE,19803,198033607,3026516301,2005-10-13,2024-11-07
1265421028,individual,MARGARET ANNE CONTE,,CONTE,MARGARET,ANNE,MD,F,207Q00000X,207Q00000X,401 N CARTER RD STE 201,,SMYRNA,DE,19977,199771281,3025143371,2005-10-14,2026-09-10
1417946211,individual,DEBORAH A WINGEL,,WINGEL,DEBORAH,A,D.O.,F,207Q00000X,207Q00000X,724 YORKLYN RD,SUITE 125,HOCKESSIN,DE,19707,197078731,3022396200,2005-10-14,2012-01-11
1558350470,individual,BARMETA SMITH,,SMITH,BARMETA,,MSN,F,363L00000X,363L00000X,201 W LIBERTY WAY,,MILFORD,DE,19963,199635399,3024243694,2005-10-14,2019-12-10
1548259393,organization,JEANNE JUGAN RESIDENCE,JEANNE JUGAN RESIDENCE,,,,,,313M00000X,313M00000X,185 SALEM CHURCH RD,,NEWARK,DE,19713,197132942,3023685886,2005-10-14,2008-06-17
1619966413,individual,MARK W WINGEL,,WINGEL,MARK,W,D.O.,M,207Q00000X,207Q00000X,724 YORKLYN RD,STE 125,HOCKESSIN,DE,19707,197078731,3022396200,2005-10-14,2012-01-11
1962491779,individual,ROBERT S CALLAHAN,,CALLAHAN,ROBERT,S,MD,M,207Q00000X,207Q00000X,32 OMEGA DR,BUILDING J,NEWARK,DE,19713,197132058,3027310942,2005-10-14,2016-10-05
1225027956,individual,MICHAEL GARY SUGARMAN,,SUGARMAN,MICHAEL,GARY,MD,M,174400000X,174400000X,774 CHRISTIANA RD,SUITE 202,NEWARK,DE,19713,197134236,3023667671,2005-10-15,2013-12-03
1205825932,individual,KENNEDY YALAMANCHILI,,YALAMANCHILI,KENNEDY,,MD,M,174400000X,174400000X,774 CHRISTIANA RD,STE 202,NEWARK,DE,19713,197134236,3023667671,2005-10-15,2010-09-16
1932198660,individual,LAURIE STOKER,,STOKER,LAURIE,,PA,F,363AM0700X,363AM0700X,774 CHRISTIANA RD,SUITE 202,NEWARK,DE,19713,197134236,3023667671,2005-10-15,2008-06-30
1396734976,individual,JEFFREY CHARLES LEGGIT,,LEGGIT,JEFFREY,CHARLES,MD,M,207Q00000X,207Q00000X,32060 LONG NECK RD,,MILLSBORO,DE,19966,199666228,3026453150,2005-10-17,2024-10-02
1043209737,individual,KATHLEEN ANN GALLION,,GALLION,KATHLEEN,ANN,AU D,F,237600000X,231H00000X|237600000X,8468 HERRING RUN RD,,SEAFORD,DE,19973,199735763,3026293400,2005-10-17,2011-02-03
1851380364,individual,MARGARET C GATTI,,GATTI,MARGARET,C,RNMSN APRN BC,F,207Q00000X,207Q00000X,17 ATLANTIC AVE,STE 2,OCEAN VIEW,DE,19970,199709115,3025377993,2005-10-18,2026-07-13
1902895477,individual,RUBEN H. NALDA,,NALDA,RUBEN,H.,MD,M,207R00000X,207R00000X,200 HYGEIA DRIVE,SUITE 2100,NEWARK,DE,19713,197132049,3026230188,2005-10-18,2010-03-19
1679562177,individual,SUE MOYER HARASINK,,MOYER HARASINK,SUE,,"M.S., C.G.C.",F,170300000X,170300000X,1600 ROCKLAND RD,,WILMINGTON,DE,19803,198033607,3026514200,2005-10-18,2020-03-11
1326037854,individual,FREDERICK GENNARO PANICO,,PANICO,FREDERICK,GENNARO,M.D.,M,207L00000X,207L00000X,"NANTICOKE MEMORIAL HOSPITAL,",801 MIDDLEFORD RD,SEAFORD,DE,19973,19973,3026296611,2005-10-18,2025-12-10
1710976139,organization,JUAN P GADEA MD PA,JUAN P GADEA MD PA,,,,,,208000000X,208000000X,179 W CHESTNUT HILL RD,,NEWARK,DE,19713,197132210,3027310858,2005-10-18,2012-01-03
1467441766,individual,MATTHEW JOHN EPPLEY,,EPPLEY,MATTHEW,JOHN,MD,M,174400000X,174400000X,774 CHRISTIANA RD,SUITE 202,NEWARK,DE,19713,197134236,3023667671,2005-10-19,2013-12-04
1588653810,individual,NEAL ANGELO BRICKHOUSE,,BRICKHOUSE,NEAL,ANGELO,MD,M,207L00000X,207L00000X,640 S STATE ST,BAY ANESTHESIA ASSOCIATES LLC,DOVER,DE,19901,199013530,3026744700,2005-10-19,2023-03-07
1265421598,individual,CONSTANCE M BRAUER,,BRAUER,CONSTANCE,M,CRNA,F,367500000X,367500000X,640 S STATE ST,DEPT OF ANES,DOVER,DE,19901,199013530,3027447088,2005-10-19,2018-01-31
1841289899,individual,KENNETH M DEMARCO,,DEMARCO,KENNETH,M,MD,M,174400000X,174400000X,2700 SILVERSIDE RD,SUITE 3,WILMINGTON,DE,19810,198103719,3024780400,2005-10-20,2010-09-21
1922097906,individual,DORINDA FAYE DOVE,,DOVE,DORINDA,FAYE,CNM,F,367A00000X,367A00000X,1508 W 7TH ST,,WILMINGTON,DE,19805,198053110,3026582229,2005-10-21,2011-10-12
1639169477,individual,CYNTHIA FALU,,FALU,CYNTHIA,,DMD,F,1223G0001X,1223G0001X,216 WEEKS DR,,CAMDEN,DE,19934,199341246,3022571540,2005-10-24,2024-10-09
1538159439,individual,LEONARD S GOLDSMITH,,GOLDSMITH,LEONARD,S,DO,M,2080N0001X,2080N0001X,1600 ROCKLAND RD,,WILMINGTON,DE,19803,198033607,3026514200,2005-10-24,2018-05-03
1720078504,individual,JANE A IERARDI,,IERARDI,JANE,A,MD,F,2080N0001X,2080N0001X,1600 ROCKLAND RD,,WILMINGTON,DE,19803,198033607,3026514200,2005-10-24,2018-03-17
1265422828,organization,"BAYHEALTH MEDICAL CENTER, INC.","BAYHEALTH MEDICAL CENTER, INC.",,,,,,261Q00000X,261Q00000X,800 N DUPONT BLVD,,MILFORD,DE,19963,199631019,3026722319,2005-10-25,2026-01-23
1558351205,individual,LISA ELLEN PHILLIPS,,PHILLIPS,LISA,ELLEN,MD,F,207V00000X,207V00000X,4755 OGLETOWN-STANTON RD,,NEWARK,DE,19718,197180001,3027336510,2005-10-25,2008-08-05
1598755084,individual,GEOFFREY WALLACE CRAWLEY,,CRAWLEY,GEOFFREY,WALLACE,M.D.,M,2085R0202X,2085R0202X,300 TUSKEGEE BLVD,,DOVER AFB,DE,19902,199025003,3026772608,2005-10-26,2010-09-30
1427048925,individual,ARTHUR H MCTIGHE,,MCTIGHE,ARTHUR,H,MD,M,207ZP0102X,207ZD0900X|207ZM0300X|207ZP0102X|207ZC0500X,33001 VENEZIA WAY,,OCEAN VIEW,DE,19970,199709040,5704900835,2005-10-26,2020-04-08
1750371159,individual,DAVID H. HALEY,,HALEY,DAVID,H.,D.P.M.,M,213ES0103X,213ES0103X,1601 MILLTOWN RD,SUITE 24,WILMINGTON,DE,19808,198084027,3029980178,2005-10-26,2008-02-08
1295725711,organization,SOUTHERN DELAWARE SURGERY CENTER,SOUTHERN DELAWARE SURGERY CENTER,,,,,,261QM1300X,261QM1300X,18941 JOHN J WILLIAMS HWY,,REHOBOTH BEACH,DE,19971,199714404,3026446992,2005-10-26,2008-06-06
1144210675,individual,KATHLEEN DENISE MCCARTHY,,MCCARTHY,KATHLEEN,DENISE,CNM,F,367A00000X,367A00000X,1508 W 7TH ST,,WILMINGTON,DE,19805,198053110,3026582229,2005-10-26,2011-03-17
1821088048,individual,RAAFAT Z ABDEL-MISIH,,ABDEL-MISIH,RAAFAT,Z,MD,M,208600000X,208600000X,4701 OGLETOWN STANTON RD,SUITE 4000,NEWARK,DE,19713,197132055,3026587533,2005-10-27,2010-10-18
1619967841,individual,JOSEPH J BENNETT,,BENNETT,JOSEPH,J,M.D.,M,208600000X,208600000X,4701 OGLETOWN STANTON RD,SUITE 4000,NEWARK,DE,19713,197132055,3026587533,2005-10-27,2010-10-19
1871583088,individual,MICHELLE ROBINSON,,ROBINSON,MICHELLE,,DDS,F,1223D0001X,1223D0001X,1802 W 4TH ST,,WILMINGTON,DE,19805,198053420,3026555822,2005-10-27,2026-07-13
1841280914,individual,STEPHEN FRAZIER WETHERILL,,WETHERILL,STEPHEN,FRAZIER,M.D.,M,207R00000X,207R00000X|208M00000X,2700 SILVERSIDE RD,SUITE 4,WILMINGTON,DE,19810,198103719,3024783700,2005-10-28,2018-08-02
1760473789,individual,RALPH JOSEPH DEFRIECE,,DEFRIECE,RALPH,JOSEPH,M.D.,M,207Q00000X,207Q00000X,32550 DOCS PL UNIT 1,,MILLVILLE,DE,19967,199676975,3025414175,2005-10-31,2026-05-11
1659362689,individual,STACEY LYNN CRONAUER,,CRONAUER,STACEY,LYNN,PA-C,F,363A00000X,363A00000X,MEDICAL ALTERNATIVE CARE INC.,1275 S STATE ST.,DOVER,DE,19901,19901,3026781303,2005-10-31,2026-07-13
1811988868,individual,NICHOLAS J MANDALAKAS,,MANDALAKAS,NICHOLAS,J,M.D.,M,207RC0000X,207RC0000X|207RC0001X,1113 S STATE ST STE 100,,DOVER,DE,19901,199014112,3027347676,2005-10-31,2022-03-03
1073504965,individual,STACY LYNN SHOUP,,SHOUP,STACY,LYNN,"MS, CGC",F,170300000X,170300000X,4755 OGLETOWN-STANTON ROAD,RM 1988,NEWARK,DE,19718,197180001,3027333072,2005-10-31,2026-07-13
1033100748,individual,MICHELLE L LEITE,,LEITE,MICHELLE,L,FNP-BC,F,363LF0000X,363LP0808X|363LF0000X|363L00000X,200 BANNING ST STE 270,,DOVER,DE,19904,199043489,3026741999,2005-11-02,2024-11-05
1275524944,individual,IFEANYI AFAM UDEZULU,,UDEZULU,IFEANYI,AFAM,MD,M,207R00000X,207R00000X,1019 MATTLIND WAY,,MILFORD,DE,19963,199635369,3024241000,2005-11-02,2022-01-28
1861483463,individual,MELISSA MACCOY ZALE,,ZALE,MELISSA,MACCOY,M.D.,F,207Q00000X,207Q00000X,908 E 16TH ST STE B,,WILMINGTON,DE,19802,198025145,3025751414,2005-11-02,2009-05-15
1629069182,individual,PREACHESS VELLAH,,VELLAH,PREACHESS,,MD,F,207R00000X,207RG0300X|207R00000X,424 SAVANNAH RD,,LEWES,DE,19958,199581462,3026453525,2005-11-03,2025-06-04
1215928650,individual,DENNIS JAMES HORAN,,HORAN,DENNIS,JAMES,PA,M,363A00000X,363A00000X,200 BANNING ST,ST 210,DOVER,DE,19904,199043485,3027449645,2005-11-03,2014-01-02
1386635563,individual,AARON GREEN,,GREEN,AARON,,M.D.,M,2083X0100X,2083X0100X,32026 LONG NECK RD,,MILLSBORO,DE,19966,199666228,3029474437,2005-11-04,2021-10-06
1003897216,individual,CRISTINA L. BONILLA-COOKE,,BONILLA-COOKE,CRISTINA,L.,PA-C,F,363A00000X,363A00000X,200 HYGEIA DR,,NEWARK,DE,19713,197132049,3022731701,2005-11-07,2025-02-24
1982685038,individual,PATRICIA J JACOB,,JACOB,PATRICIA,J,FNP,F,363LF0000X,363LF0000X,100 S MAIN ST STE 207,,SMYRNA,DE,19977,199771479,3026594490,2005-11-07,2016-12-16
1033190145,organization,FIRST STATE MEDICAL PA,FIRST STATE MEDICAL PA,,,,,,207Q00000X,207Q00000X,3521 SILVERSIDE RD,QUILLEN BUILDING SUITE 2D1,WILMINGTON,DE,19810,198104900,3024790555,2005-11-07,2020-08-22
1265413280,individual,BEVERLY MICHELLE RANDOLPH,,RANDOLPH,BEVERLY,MICHELLE,PT,F,225100000X,225100000X,810 S BROOM ST,SUITE B,WILMINGTON,DE,19805,198054245,3026521181,2005-11-08,2014-08-20
1467433482,individual,ERIN M NOLAN,,NOLAN,ERIN,M,OTRL,F,225X00000X,225X00000X,1600 N WASHINGTON ST,,WILMINGTON,DE,19802,198024722,3026562684,2005-11-08,2026-07-13
1366423386,individual,LORETTA GIRONDI,,GIRONDI,LORETTA,,MS OTR L,F,225X00000X,225X00000X,1600 N WASHINGTON ST,DE CURATIVE WORKSHOP,WILMINGTON,DE,19802,198024722,3024285927,2005-11-08,2026-07-13
1184605107,individual,EILEEN SCANLON,,SCANLON,EILEEN,,OTR L  CHT,F,225X00000X,225XH1200X|225X00000X,260 BEISER BLVD,SUITE 102,DOVER,DE,19904,199045773,3027410200,2005-11-08,2023-11-30
1780665679,individual,CAROLYN LEE PALMER,,PALMER,CAROLYN,LEE,LCSW,F,1041C0700X,1041C0700X,405 FOULK RD,,WILMINGTON,DE,19803,198033809,3026551100,2005-11-08,2011-11-01
1588645386,individual,MICHELLE DIZON CLEMENTE,,CLEMENTE,MICHELLE,DIZON,M.D.,F,208000000X,208000000X,863 BUTTNER PL,SUITE 103,DOVER,DE,19904,199042406,3027343331,2005-11-08,2009-05-22
1891776704,individual,MARY JANE MCCLEMENTS,,MCCLEMENTS,MARY,JANE,M.D.,F,207ZP0102X,207ZP0102X,21 W CLARKE AVE,,MILFORD,DE,19963,199631840,3024305435,2005-11-08,2012-08-16
1134100076,individual,CAROL FEINOUR,,FEINOUR,CAROL,,CRNA,F,367500000X,367500000X,640 S STATE ST,,DOVER,DE,19901,199013530,3027446358,2005-11-08,2010-07-02
1285615146,individual,ABIMBOLA OSUNYELE OSUNKOYA,,OSUNKOYA,ABIMBOLA,OSUNYELE,"M.D, M.R., C.O.G.",M,207R00000X,207R00000X,810 NEW BURTON RD STE 3,,DOVER,DE,19904,199045488,3027300554,2005-11-08,2015-12-28
1487635488,individual,KIMBERLY ANN SABADISH,,SABADISH,KIMBERLY,ANN,MD,F,207R00000X,207R00000X,5641 DUPONT PKWY,,SMYRNA,DE,19977,199779229,3023898443,2005-11-08,2025-10-31
1891776761,individual,SANDEEP MANN,,MANN,SANDEEP,,M.D.,M,207R00000X,207R00000X,810 NEW BURTON RD STE 3,,DOVER,DE,19904,199045488,3027300554,2005-11-08,2015-12-28
1831170703,individual,HUY M LE,,LE,HUY,M,D.O.,M,207Q00000X,207Q00000X,32 OMEGA DR,BLDG J,NEWARK,DE,19713,197132058,3027387054,2005-11-08,2018-04-18
1740261551,organization,"LUIS M GARCIA, JR DPM","LUIS M GARCIA, JR DPM",,,,,,213E00000X,213E00000X,1941 LIMESTONE RD,SUITE 208,WILMINGTON,DE,19808,198085400,3029945956,2005-11-09,2024-02-21
1265413090,individual,MONICA TERESA DIMENCO,,DIMENCO,MONICA,TERESA,MS CCC SLP,F,235Z00000X,235Z00000X,1600 N WASHINGTON ST,,WILMINGTON,DE,19802,198024722,3026562684,2005-11-09,2026-07-13
1518948355,individual,TODD STUART CUMMING,,CUMMING,TODD,STUART,PT,M,2251X0800X,2251X0800X,124 SLEEPY HOLLOW DR,SUITE 101,MIDDLETOWN,DE,19709,197095838,3024493050,2005-11-09,2007-11-08
1427039262,individual,RICHARD DAVIS MCGANN,,MCGANN,RICHARD,DAVIS,MSPT,M,225100000X,225100000X,40 POLLY DRUMMOND HILL RD,,NEWARK,DE,19711,197115703,3027383110,2005-11-09,2026-07-13
1164403895,individual,GARY TRISTAN QUIROGA,,QUIROGA,GARY,TRISTAN,MD,M,207RC0000X,207RC0000X,1027 S BRADFORD ST,,DOVER,DE,19904,199044141,3026788981,2005-11-09,2007-07-08
1710968334,organization,LABORATORY CORPORATION OF AMERICA HOLDINGS,LABORATORY CORPORATION OF AMERICA HOLDINGS,,,,,,291U00000X,291U00000X,212 CHERRY LN,,NEW CASTLE,DE,19720,197202776,3024986305,2005-11-10,2023-02-06
1881675320,individual,MARTA GOSPODAREK,,GOSPODAREK,MARTA,,PT,F,225100000X,225100000X,432 E MAIN ST,,MIDDLETOWN,DE,19709,197091462,3023764315,2005-11-10,2024-07-16
1699756130,individual,KATHLEEN IFFLAND,,IFFLAND,KATHLEEN,,PT,F,225100000X,225100000X,100 BECKS WOODS DR,,BEAR,DE,19701,197013835,3023923400,2005-11-10,2015-02-16
1336120781,individual,REBECCA SUSAN TINSMAN,,TINSMAN,REBECCA,SUSAN,"PT, OCS",F,225100000X,225100000X,256 FOX HUNT DR,,BEAR,DE,19701,197012536,3028348650,2005-11-10,2011-06-15
1407837966,individual,RAUL A. PORRO VIZCARRA,,PORRO VIZCARRA,RAUL,A.,MD,M,207L00000X,207L00000X,801 MIDDLEFORD ROAD,,SEAFORD,DE,19973,19973,3026296611,2005-11-10,2016-12-02
1477534907,individual,ROBERT JOSEPH LASKOWSKI,,LASKOWSKI,ROBERT,JOSEPH,"M.D., M.B.A.",M,207RG0300X,207RG0300X,501 W 14TH ST,,WILMINGTON,DE,19801,198011013,3024282570,2005-11-10,2026-07-13
1073594693,individual,GANESH R BALU,,BALU,GANESH,R,M.D.,M,208VP0014X,204R00000X|2081P2900X|208VP0014X,240 BEISER BLVD,SUITE 201,DOVER,DE,19904,199048208,3027347246,2005-11-10,2024-01-09
1053392340,individual,DAVID SAMUEL BRENNER,,BRENNER,DAVID,SAMUEL,M.D.,M,207ZP0102X,207ZP0102X,640 S STATE ST,,DOVER,DE,19901,199013530,3027447050,2005-11-14,2012-04-11
1144202300,individual,BHAVIN R DAVE,,DAVE,BHAVIN,R,MD,M,207RG0100X,207R00000X|207RG0100X,"665 BAY ROAD, UNIT B",,DOVER,DE,19901,199013568,3027449310,2005-11-15,2024-10-04
1073595195,individual,MELINDA A WELSH,,WELSH,MELINDA,A,OTR/L,F,225X00000X,225X00000X,1600 N WASHINGTON ST,,WILMINGTON,DE,19802,198024722,3026562521,2005-11-15,2026-07-13
1629050711,individual,MARYLOU FOSTER BIASOTTO,,BIASOTTO,MARYLOU,FOSTER,LCSW,F,1041C0700X,1041C0700X,25 OMEGA DR BLDG J,,NEWARK,DE,19713,197136020,3024280205,2005-11-15,2017-01-09
1700868775,individual,DENNIS FORBES,,FORBES,DENNIS,,M.D.,M,207L00000X,207L00000X,2006 LIMESTONE RD,SUITE 5,WILMINGTON,DE,19808,198085553,3029951860,2005-11-16,2016-02-02
1851373823,individual,BRIAN JOHN WALSH,,WALSH,BRIAN,JOHN,D.O.,M,207RP1001X,207RP1001X,150 BRANDYWINE DR,,DOVER,DE,19904,199042287,3027340400,2005-11-16,2025-03-28
1306828330,individual,DAVID ASHIR JAWAHAR,,JAWAHAR,DAVID,ASHIR,MD,M,207RP1001X,207RC0200X|207RP1001X,807 S BRADFORD ST,,DOVER,DE,19904,199044137,3026747155,2005-11-16,2015-04-08
1093797078,organization,"DOVER PULMONARY, P.A.","DOVER PULMONARY, P.A.",,,,,,207RP1001X,207RP1001X,150 BRANDYWINE DR,,DOVER,DE,19904,199042287,3027340400,2005-11-16,2025-03-28
1831171701,individual,RICHARD D BOND,,BOND,RICHARD,D,DDS,M,122300000X,122300000X,1415 FOULK RD,SUITE 200,WILMINGTON,DE,19803,198032748,3024774900,2005-11-16,2024-12-03
1487636148,individual,DIANE ADEL ADAMS,,ADAMS,DIANE,ADEL,D.O.,F,207V00000X,207V00000X,1100 LOVERING AVE APT 104,,WILMINGTON,DE,19806,198063274,1488926268,2005-11-17,2024-06-28
1659353217,individual,JEFFREY J BOXER,,BOXER,JEFFREY,J,MD,M,208000000X,208000000X,18947 JOHN J WILLIAMS HWY,SUITE 212,REHOBOTH BEACH,DE,19971,199714474,3026458212,2005-11-17,2023-01-18
1568444396,individual,ALEXANDER I DEVER,,DEVER,ALEXANDER,I,M.D.,M,2084P0800X,2084P0800X,1500 SHALLCROSS AVE,SUITE A,WILMINGTON,DE,19806,198063037,3024219330,2005-11-17,2008-03-27
1841272648,individual,GRETCHEN M HANNAH,,HANNAH,GRETCHEN,M,OTRL,F,225X00000X,225X00000X,1600 N WASHINGTON ST,,WILMINGTON,DE,19802,198024722,3026565226,2005-11-17,2026-07-13
1831171214,organization,"KID C.A.R.E. CENTER, P.A.","KID C.A.R.E. CENTER, P.A.",,,,,,208000000X,208000000X,771 E MASTEN CIR,SUITE 115,MILFORD,DE,19963,199631088,3024248404,2005-11-18,2008-04-20
1699757153,individual,PAUL DAVID DOUGHTEN,,DOUGHTEN,PAUL,DAVID,DO,M,207Q00000X,207Q00000X,300 TUSKEGEE BLVD,,DOVER,DE,19902,199025003,3026772077,2005-11-18,2013-11-26
1194707760,organization,BONNI FIELD MD PA,BONNI FIELD MD PA,,,,,,261QP2300X,261QP2300X,5307 LIMESTONE RD,SUITE 203,WILMINGTON,DE,19808,198081268,3022340890,2005-11-18,2020-08-22
1265414874,individual,LORI ANN SCOTT,,SCOTT,LORI,ANN,LCSW,F,104100000X,104100000X,819 S GOVERNORS AVE,,DOVER,DE,19904,199044158,3026784558,2005-11-18,2025-01-02
1922080563,individual,FIZUL HUSSAIN BACCHUS,,BACCHUS,FIZUL,HUSSAIN,D.O.,M,208000000X,208000000X,863 BUTTNER PLACE,SUITE 103,DOVER,DE,19904,199042334,3027343331,2005-11-18,2012-04-03
1245213651,individual,JACQUELINE A SMITH,,SMITH,JACQUELINE,A,MD,F,207P00000X,207P00000X,424 SAVANNAH RD,,LEWES,DE,19958,199581462,3026453554,2005-11-21,2016-12-21
1164405361,individual,ROOPARANI M BHAT,,BHAT,ROOPARANI,M,M.D.,F,207RG0300X,207RG0300X,49 HARVEST LN,,HOCKESSIN,DE,19707,197072093,3027347246,2005-11-22,2013-10-30
1073596375,individual,OSAMA AFKAR HUSSEIN,,HUSSEIN,OSAMA,AFKAR,MD,M,208000000X,208000000X,1102 S DUPONT HWY,SUITE 1,DOVER,DE,19901,199014493,3022649691,2005-11-22,2013-08-06
1770566085,individual,IFTEKHAR A KHAN,,KHAN,IFTEKHAR,A,M.D.,M,207RX0202X,207RH0000X|207RX0202X,100 WELLNESS WAY,,MILFORD,DE,19963,199634364,3024305072,2005-11-22,2023-03-07
1265415491,individual,HENRY E CHILDERS,,CHILDERS,HENRY,E,MD,M,208G00000X,208G00000X|208D00000X,20930 DUPONT BLVD,SUITE 202,GEORGETOWN,DE,19947,199471725,3022588853,2005-11-22,2014-07-23
1639152705,organization,DAGSBORO VOLUNTEER FIRE DEPARTMENT INC,DAGSBORO VOLUNTEER FIRE DEPARTMENT INC,,,,,,341600000X,341600000X,31818 WAPLES ST,,DAGSBORO,DE,19939,19939,3027329673,2005-11-22,2012-04-11
1750364766,individual,MELINDA ANN KOHR,,KOHR,MELINDA,ANN,PH.D.,F,103TC0700X,103TC0700X,32828 REBA RD STE A,,MILLVILLE,DE,19967,199676909,3025671695,2005-11-22,2019-05-08
1164405163,individual,KATHRYN A MANGION,,MANGION,KATHRYN,A,NP,F,363LA2200X,363LA2200X|363LW0102X,18947 JOHN J WILLIAMS HWY,SUITE 210,REHOBOTH BEACH,DE,19971,199714474,3026453121,2005-11-22,2016-12-26
1336122415,individual,NICHOLAS J. BERG,,BERG,NICHOLAS,J.,M.D.,M,207Y00000X,207Y00000X,1601 KIRKWOOD HWY,BUILDING 1 ROOM 221,WILMINGTON,DE,19805,198054917,8004618262,2005-11-22,2015-10-07
1821071820,individual,ANTHONY A VASILE,,VASILE,ANTHONY,A,D.O.,M,207RS0012X,207RP1001X|207RS0012X,620 STANTON CHRISTIANA RD STE 101,,NEWARK,DE,19713,197132134,3024499314,2005-11-22,2026-01-08
1285617209,individual,ROBERT JOSEPH GEMIGNANI,,GEMIGNANI,ROBERT,JOSEPH,DPM,M,213E00000X,213E00000X,1326 SOUTH GOVERNORS AVENUE,SUITE 1B,DOVER,DE,19907,19907,3026783338,2005-11-23,2026-07-13
1285617266,individual,SABRINA DISIBIO,,DISIBIO,SABRINA,,MSPT,F,225100000X,225100000X,4102 OGLETOWN STANTON RD,,NEWARK,DE,19713,197134169,3028941800,2005-11-23,2013-03-21
1467435438,individual,DANIEL ROBERT DIRNBERGER,,DIRNBERGER,DANIEL,ROBERT,M.D.,M,2080N0001X,2080N0001X,1600 ROCKLAND RD,NEMOURS DUPONT PEDIATRICS,WILMINGTON,DE,19803,198033607,3026514200,2005-11-23,2014-07-29
1811970700,individual,LOUIS K RAFETTO,,RAFETTO,LOUIS,K,DMD,M,204E00000X,204E00000X,3512 SILVERSIDE RD,,WILMINGTON,DE,19810,19810,3024771800,2005-11-23,2026-07-13
1306829189,individual,DARRELL W CARPENTER,,CARPENTER,DARRELL,W,M.D.,M,208600000X,208600000X,724 S NEW ST,,DOVER,DE,19904,199043540,3026744070,2005-11-25,2015-12-21
1811970668,organization,"THRESHOLDS, INC.","THRESHOLDS, INC.",,,,,,101YA0400X,101YA0400X|101YM0800X,6 N RAILROAD AVE,,GEORGETOWN,DE,19947,199471242,3028561835,2005-11-25,2022-06-27
1346223195,individual,GEORGE POPEL,,POPEL,GEORGE,,M.D.,M,152W00000X,152W00000X,213 GREENHILL AVE,,WILMINGTON,DE,19805,198051844,3026568867,2005-11-25,2026-07-13
1245213933,individual,KRISTINE B DIEHL,,DIEHL,KRISTINE,B,MD,F,207Q00000X,173000000X|207Q00000X,2700 SILVERSIDE RD,STE 2,WILMINGTON,DE,19810,198103719,3024788421,2005-11-28,2021-05-18
1285617787,individual,SHUBHIKA SRIVASTAVA,,SRIVASTAVA,SHUBHIKA,,M.D.,F,208000000X,208000000X|2080P0202X,NEMOURS CARDIAC CENTER,1600 ROCKLAND ROAD,WILMINGTON,DE,19803,19803,3026514105,2005-11-29,2020-05-08
1306820725,organization,"CHRISTIANA CARE HEALTH SERVICES, INC","CHRISTIANA CARE HEALTH SERVICES, INC",,,,,,207R00000X,207R00000X|363L00000X,WILMINGTON HOSPITAL,"501 W. 14TH STREET, 2ND FLOOR",WILMINGTON,DE,19899,19899,3024284411,2005-11-30,2008-08-21
1033193479,individual,CHERYL LAYFIELD,,LAYFIELD,CHERYL,,CRNP,F,363LF0000X,363LF0000X|363L00000X,LOWER SHORE IMMEDIATE CARE OF SELBYVILLE,38229 DUPONT BLVD,SELBYVILLE,DE,19975,199753045,3024336440,2005-11-30,2026-07-22
1962486290,organization,CHRISTIANA CARE HEALTH SERVICES INC,CHRISTIANA CARE HEALTH SERVICES INC,,,,,,207R00000X,207R00000X|207RR0500X|363L00000X,501 W 14TH ST,"WILMINGTON HOSPITAL, ROOM 5225",WILMINGTON,DE,19899,19899,3024284900,2005-11-30,2021-12-17
1407830748,organization,CHRISTIANA CARE HEALTH SERVICES INC,CHRISTIANA CARE HEALTH SERVICES INC,,,,,,207RE0101X,133V00000X|207RE0101X|363L00000X|363LA2200X|363LF0000X,3506 KENNETT PIKE,,WILMINGTON,DE,19807,198073019,3026613070,2005-11-30,2022-09-29
1922082387,individual,MARK J STAMM,,STAMM,MARK,J,MD,M,207W00000X,207W00000X,28185 CELESTIAL WAY,,LEWES,DE,19958,19958,9142839027,2005-11-30,2025-07-28
1619951068,organization,"CHRISTIANA CARE HEALTH SERVICES, INC","CHRISTIANA CARE HEALTH SERVICES, INC",,,,,,207Q00000X,207Q00000X|207QA0000X|207QG0300X|207QS0010X|363L00000X,1401 FOULK RD,SUITE 100B,WILMINGTON,DE,19803,198032763,3024773300,2005-11-30,2021-12-17
1912981473,individual,JEFFREY P CRAMER,,CRAMER,JEFFREY,P,MD,M,207Q00000X,173000000X|207Q00000X,2700 SILVERSIDE RD STE 2,,WILMINGTON,DE,19810,198103724,3024788421,2005-11-30,2021-05-18
1871577288,individual,GUY MITCHELL EDMONDSON,,EDMONDSON,GUY,MITCHELL,M.D.,M,207Q00000X,207Q00000X,310 MULLET RUN,,MILFORD,DE,19963,199635371,3024240600,2005-11-30,2019-02-20
1871577189,individual,LORETTA I EDMONDSON,,EDMONDSON,LORETTA,I,M.D.,F,207Q00000X,207Q00000X,310 MULLET RUN,,MILFORD,DE,19963,199635371,3024240600,2005-11-30,2018-01-30
1770567034,individual,CHERYL J HARRIS-CHIN,,HARRIS-CHIN,CHERYL,J,"M.D., F.A.A.P.",F,208000000X,208000000X,771 E MASTEN CIR,SUITE 115,MILFORD,DE,19963,199631088,3024248404,2005-12-01,2026-07-13
1699759720,individual,TRACY DAHLKE,,DAHLKE,TRACY,,M.D.,F,207ZP0102X,207ZP0101X|207ZP0102X,640 S STATE ST,,DOVER,DE,19901,199013530,3024305435,2005-12-01,2024-10-11
1952385122,organization,"CHRISTIANA CARE HEALTH SERVICES, INC","CHRISTIANA CARE HEALTH SERVICES, INC",,,,,,208600000X,1223P0106X|208600000X,501 W. 14TH STREET,WILMINGTON HOSPITAL,WILMINGTON,DE,19899,19899,3024284175,2005-12-01,2021-12-17
1144204439,individual,KATE MCGRAW,,MCGRAW,KATE,,PHD,F,103T00000X,103T00000X,725 HORSEPOND RD,,DOVER,DE,19901,199017232,3027447688,2005-12-01,2026-07-13
1013991306,individual,COURTNEY COSTELLO,,COSTELLO,COURTNEY,,LCSW,F,1041C0700X,1041C0700X,1131 AIRPORT RD.,,MILFORD,DE,19963,19963,3024228026,2005-12-01,2025-09-08
1245214477,organization,"TIDALHEALTH NANTICOKE, INC","TIDALHEALTH NANTICOKE, INC",,,,,,282N00000X,261QP2000X|261QR0200X|282N00000X|291U00000X,801 MIDDLEFORD RD,,SEAFORD,DE,19973,199733636,3026296611,2005-12-01,2024-11-21
1326022419,individual,JENNA SEIFF,,SEIFF,JENNA,,MD,F,208000000X,208000000X,2055 LIMESTONE RD STE 300,,WILMINGTON,DE,19808,198085536,3026336338,2005-12-01,2026-04-14
1639153778,individual,HOWARD Z ARIAN,,ARIAN,HOWARD,Z,MD,M,207LP2900X,207LP2900X,1979 S STATE ST,,DOVER,DE,19901,199015811,3025387055,2005-12-02,2015-07-29
1326022476,organization,CHRISTIANA CARE HEALTH SERVICES INC,CHRISTIANA CARE HEALTH SERVICES INC,,,,,,207RI0200X,207R00000X|207RI0200X|363L00000X,501 W 14TH ST FL 6,,WILMINGTON,DE,19801,198011013,3023201300,2005-12-02,2021-12-17
1679557722,individual,SCOTT A. HAMMER,,HAMMER,SCOTT,A.,M.D.,M,207Q00000X,207Q00000X,119 NEUROLOGY WAY,,MILFORD,DE,19963,199635368,3024243900,2005-12-02,2007-07-08
1134103104,individual,LINDA M BAILEY,,BAILEY,LINDA,M,PT AL,F,225100000X,225100000X,1600 WASHINGTON ST,,WILMINGTON,DE,19801,19801,3026565226,2005-12-02,2026-07-13
1487638136,individual,ROBERT Q SCACHERI,,SCACHERI,ROBERT,Q,MD,M,207V00000X,207V00000X,200 BANNING ST,SUITE 320,DOVER,DE,19904,199043485,3026740223,2005-12-05,2016-01-08
1902880651,individual,MARGARET R. CHOU,,CHOU,MARGARET,R.,M. D.,F,207V00000X,207V00000X,1600 ROCKLAND RD,,WILMINGTON,DE,19803,198033607,3026514000,2005-12-05,2024-11-07
1811971567,individual,PETER J WONG,,WONG,PETER,J,MD,M,207V00000X,207V00000X,200 BANNING STREET,SUITE 320,DOVER,DE,19904,19904,3026740223,2005-12-05,2010-06-18
1275517922,individual,MICHELLE H COOPER,,COOPER,MICHELLE,H,MD,F,207V00000X,207V00000X,200 BANNING STREET,SUITE 320,DOVER,DE,19904,199043530,3026740223,2005-12-05,2010-06-18
1861476533,individual,MARGOT WAITZ,,WAITZ,MARGOT,,DO,F,207QA0000X,207QA0000X,1401 FOULK RD,,WILMINGTON,DE,19803,198032763,3024773300,2005-12-05,2008-06-25
1447234232,organization,DELAWARE MEDICAL CARE PA,DELAWARE MEDICAL CARE PA,,,,,,207R00000X,207R00000X,51 DEAK DR,,SMYRNA,DE,19977,199771268,3026531281,2005-12-05,2008-07-15
1962486761,individual,PRAKASH VAIDY,,VAIDY,PRAKASH,,,M,207Q00000X,208600000X|207Q00000X,379 WALMART DR,,CAMDEN,DE,19934,199341365,3023874343,2005-12-05,2021-03-30
1346224151,individual,TARA LYNN WHELAN,,WHELAN,TARA,LYNN,D.C.,F,111N00000X,111N00000X,421 NEW LONDON RD,,NEWARK,DE,19711,197117009,3023692940,2005-12-05,2007-07-08
1346224177,individual,RONALD J WISNESKI,,WISNESKI,RONALD,J,M.D.,M,207X00000X,207X00000X,701 SAVANNAH RD,SUITE B,LEWES,DE,19958,199581550,3026452805,2005-12-05,2013-01-07
1912981754,individual,GILBERT REID CONLEY,,CONLEY,GILBERT,REID,DPM,M,213E00000X,213E00000X|213ES0131X,5311 LIMESTONE RD,SUITE 203,WILMINGTON,DE,19808,198081246,3022343907,2005-12-05,2008-03-19
1265416911,individual,ROBERT B HARTMANN,,HARTMANN,ROBERT,B,MD,M,207V00000X,207V00000X,200 BANNING STREET,SUITE 320,DOVER,DE,19904,199043530,3026740223,2005-12-05,2010-06-18
1215911987,individual,DYANNE WESTERBERG,,WESTERBERG,DYANNE,,DO,F,207Q00000X,207Q00000X,1401 FOULK RD STE 100B,,WILMINGTON,DE,19803,198032764,3024773300,2005-12-05,2026-03-24
1922082577,individual,DANIELLE L GIDDINS,,GIDDINS,DANIELLE,L,MD,F,207Q00000X,207Q00000X,30265 COMMERCE DR UNIT 206,,MILLSBORO,DE,19966,199663595,3027328400,2005-12-06,2022-07-21
1063496735,individual,LAURA B MOYLAN JANNEY,,MOYLAN JANNEY,LAURA,B,MD,F,207V00000X,207V00000X,640 S STATE ST,,DOVER,DE,19901,199013530,3026744700,2005-12-06,2026-08-17
1851376354,individual,MANISHA WADHWA,,WADHWA,MANISHA,,M.D.,F,2084P0800X,2084P0800X|2084P0804X,5189 W WOODMILL DR,,WILMINGTON,DE,19808,198084009,3026336001,2005-12-07,2014-12-15
1861477390,individual,JANET G. DUTCHER,,DUTCHER,JANET,G.,NNP,F,363L00000X,363LN0000X|363L00000X,4755 OGLETOWN - STANTON ROAD,ROOM 2990,NEWARK,DE,19718,19718,3027332400,2005-12-07,2014-06-03
1396720702,individual,RITA GOTTESMAN,,GOTTESMAN,RITA,,M.D.,F,2085R0202X,2085R0202X,2055 LIMESTONE RD STE 104,,WILMINGTON,DE,19808,198085536,3026336200,2005-12-08,2017-11-07
1134104565,organization,"CHRISTIANA CARE HEALTH SERVICES, INC","CHRISTIANA CARE HEALTH SERVICES, INC",,,,,,207Q00000X,207Q00000X|207QG0300X|207R00000X|207RG0300X|208000000X|363A00000X|363L00000X,722 YORKLYN RD STE 400,,HOCKESSIN,DE,19707,197078740,3022352351,2005-12-08,2024-12-06
1629053046,individual,HIEN QUANG NGUYEN,,NGUYEN,HIEN,QUANG,MD,M,207Q00000X,208600000X|207Q00000X,379 WALMART DR,,CAMDEN,DE,19934,199341365,3023874343,2005-12-08,2021-03-30
1770568107,organization,"CHRISTIANA CARE HEALTH SERVICES, INC","CHRISTIANA CARE HEALTH SERVICES, INC",,,,,,207RE0101X,133V00000X|207RE0101X|363L00000X,3506 KENNETT PIKE,PMRI,WILMINGTON,DE,19807,198073019,3026613000,2005-12-08,2021-12-17
1376528729,organization,CHRISTIANA CARE HEALTH SERVICES INC,CHRISTIANA CARE HEALTH SERVICES INC,,,,,,207V00000X,207V00000X|207VE0102X|207VF0040X|207VM0101X|363A00000X|363L00000X|363LX0001X|367A00000X,4755 OGLETOWN STANTON RD STE 1900,,NEWARK,DE,19718,197180001,3027336510,2005-12-08,2022-09-29
1285619635,organization,CHRISTIANA CARE HEALTH SERVICES INC,CHRISTIANA CARE HEALTH SERVICES INC,,,,,,207W00000X,207W00000X,501 W 14TH ST,WILMINGTON HOSPITAL,WILMINGTON,DE,19801,198011013,3024286486,2005-12-08,2021-12-17
1174508527,organization,"CHRISTIANA CARE HEALTH SERVICES, INC","CHRISTIANA CARE HEALTH SERVICES, INC",,,,,,208000000X,208000000X|363L00000X|363LP0200X,4735 OGLETOWN STANTON RD STE 1116,,NEWARK,DE,19713,197132089,3023688612,2005-12-08,2022-02-23
1083699433,organization,"CHRISTIANA CARE HEALTH SERVICES, INC","CHRISTIANA CARE HEALTH SERVICES, INC",,,,,,2084P0800X,101YM0800X|101YP2500X|103T00000X|104100000X|1041C0700X|106H00000X|2084P0800X|363A00000X|363LP0808X|364SP0808X|364SP0809X,501 W 14TH ST,WILMINGTON HOSPITAL,WILMINGTON,DE,19801,198011013,3024282100,2005-12-08,2022-11-07
1154306512,organization,"CHRISTIANA CARE HEALTH SERVICES, INC","CHRISTIANA CARE HEALTH SERVICES, INC",,,,,,208G00000X,208G00000X,4701 OGLETOWN STANTON RD,SUITE 1204,NEWARK,DE,19713,197132055,3026234530,2005-12-08,2021-12-16
1407831894,organization,"CHRISTIANA CARE HEALTH SERVICES, INC","CHRISTIANA CARE HEALTH SERVICES, INC",,,,,,208600000X,207RI0200X|208600000X|2086S0102X|2086S0122X|208800000X|208C00000X|363A00000X|363AS0400X|363L00000X|363LC0200X,4735 OGLETOWN STANTON RD,"MEDICAL ARTS PAVILION 2, SUITE 3301",NEWARK,DE,19713,197132072,3026234370,2005-12-08,2026-07-30
1477538791,individual,MATTHEW K HOFFMAN,,HOFFMAN,MATTHEW,K,MD,M,207V00000X,207V00000X,4755 OGLETOWN STANTON RD,DEPT. OF OB/GYN,NEWARK,DE,19718,197180002,3027336518,2005-12-09,2011-11-07
1982689212,individual,JAMES M GILL,,GILL,JAMES,M,MD,M,207Q00000X,207Q00000X,213 GREENHILL AVE,SUITE B,WILMINGTON,DE,19805,198051844,3024295870,2005-12-09,2012-08-30
1609851930,individual,DAVID A SIMPSON,,SIMPSON,DAVID,A,MD,M,207Q00000X,207QG0300X|207Q00000X,1401 FOULK RD,SUITE 100B,WILMINGTON,DE,19803,198032763,3024773300,2005-12-09,2011-04-20
1396720645,individual,WILSON MARTIN NINO,,NINO,WILSON,MARTIN,M.D.,M,207RN0300X,207RN0300X,201 W LIBERTY WAY,,MILFORD,DE,19963,199635399,3024243694,2005-12-09,2021-06-17
1861477077,individual,ROBERT A MOYER,,MOYER,ROBERT,A,M.D.,M,207RR0500X,207RR0500X,1100 FORREST AVE,,DOVER,DE,19904,199043309,3026744627,2005-12-09,2019-09-25
1477538759,organization,DELAWARE CURATIVE WORKSHOP,DELAWARE CURATIVE WORKSHOP,,,,,,261QR0400X,261QR0400X,1600 N WASHINGTON ST,,WILMINGTON,DE,19802,198024722,3026562521,2005-12-09,2020-08-22
1174508410,organization,CHRISTIANA CARE HEALTH SERVICES INC,CHRISTIANA CARE HEALTH SERVICES INC,,,,,,207VX0201X,133V00000X|207RH0000X|207RX0202X|207SG0203X|207VG0400X|207VX0201X|207X00000X|208100000X|208600000X,4701 OGLETOWN STANTON RD,"HELEN F. GRAHAM CANCER CENTER WEST, SUITE 2335",NEWARK,DE,19713,197132055,3026234285,2005-12-09,2025-04-01
1578548467,organization,"SURGICAL ASSOCIATES OF NEW CASTLE, PA","SURGICAL ASSOCIATES OF NEW CASTLE, PA",,,,,,208600000X,208600000X,324 E MAIN ST,SUITE 204,NEWARK,DE,19711,197117150,3027374990,2005-12-13,2013-06-14
1134104805,individual,STEPHEN J KUSHNER,,KUSHNER,STEPHEN,J,DO,M,207Q00000X,207Q00000X,726 YORKLYN RD,SUITE 100,HOCKESSIN,DE,19707,197078744,3022345770,2005-12-14,2011-06-17
1447235197,individual,MARGARET KEENAN,,KEENAN,MARGARET,,PHD,F,103T00000X,103T00000X,3506 KENNETT PIKE,,WILMINGTON,DE,19807,19807,3026613408,2005-12-14,2008-06-20
1376528034,individual,DAVID YORK,,YORK,DAVID,,PHD,M,103T00000X,103T00000X,501 W 14TH ST,,WILMINGTON,DE,19801,198011013,3024282100,2005-12-14,2008-06-25
1427033364,individual,GINA M FREEMAN,,FREEMAN,GINA,M,DPM,F,213E00000X,213E00000X,2323 PENNSYLVANIA AVE STE 2B,,WILMINGTON,DE,19806,198061332,3027652505,2005-12-14,2020-03-31
1760467518,individual,MARYANN D. HOOKER,,HOOKER,MARYANN,D.,MD,F,2084N0400X,2084N0400X,1601 KIRKWOOD HWY,,WILMINGTON,DE,19805,198054917,3026335302,2005-12-14,2026-07-13
1578548343,individual,SHAHROKH S MOROVATI,,MOROVATI,SHAHROKH,S,MD,M,208600000X,208600000X,324 EAST MAIN STREET,SUITE 204,NEWARK,DE,19711,197117164,3027374990,2005-12-14,2012-11-13
1326023102,individual,JOHN E. LAHANIATIS,,LAHANIATIS,JOHN,E.,M.D.,M,2085R0001X,2085R0001X,640 S STATE ST FL 1,,DOVER,DE,19901,199013530,3026744401,2005-12-14,2022-08-02
1891770681,individual,LAMAR EKBLADH,,EKBLADH,LAMAR,,MD,M,207V00000X,207V00000X,4755 OGLETOWN-STANTON ROAD,,NEWARK,DE,19718,197180001,3027336510,2005-12-14,2007-07-08
1073598876,individual,PAUL KAMINSKI,,KAMINSKI,PAUL,,MD,M,207V00000X,207V00000X,4755 OGLETOWN-STANTON ROAD,,NEWARK,DE,19718,197180001,3027336510,2005-12-14,2007-07-08
1790760593,individual,ARLENE J SMALLS,,SMALLS,ARLENE,J,MD,F,207V00000X,207V00000X,4755 OGLETOWN STANTON ROAD,SUITE 1900,NEWARK,DE,19718,19718,3027336510,2005-12-14,2018-11-27
1558346361,individual,JULIA M PILLSBURY,,PILLSBURY,JULIA,M,D.O.,F,208000000X,208000000X|2080A0000X,125 GREENTREE DR STE 1,,DOVER,DE,19904,199047656,3022649386,2005-12-14,2024-05-07
1376528182,individual,RENEE J GROB,,GROB,RENEE,J,M.D.,F,2080A0000X,2080A0000X,125-1 GREENTREE DR,,DOVER,DE,19904,19904,3026742788,2005-12-14,2007-08-27
1801871629,individual,LENA DAS,,DAS,LENA,,M.D.,F,2080A0000X,2080A0000X,125-1 GREENTREE DR,,DOVER,DE,19904,19904,3026742788,2005-12-14,2026-07-13
1306821061,individual,CHRISTOPHER J KING,,KING,CHRISTOPHER,J,PHD,M,103T00000X,103T00000X,501 W 14TH ST,6TH FLOOR,WILMINGTON,DE,19801,198011013,3024286632,2005-12-14,2007-07-19
1932184686,individual,WOLFGANG BERTEN,,BERTEN,WOLFGANG,,MD,M,2084P0800X,2084P0800X,501 W 14TH ST,WILMINGTON HOSPITAL,WILMINGTON,DE,19801,198011013,3024282100,2005-12-14,2008-06-19
1750366407,individual,HAROLD ROSEN,,ROSEN,HAROLD,,MD,M,2084P0800X,2084P0800X,501 W 14TH ST,WILMINGTON HOSPITAL,WILMINGTON,DE,19801,198011013,3024282962,2005-12-14,2010-11-09
1225013956,individual,MICHAEL N MARCUS,,MARCUS,MICHAEL,N,MD,M,2084P0800X,2084P0800X,205 W 14TH ST,SUITE100,WILMINGTON,DE,19801,198011114,3024282100,2005-12-15,2022-03-03
1225014871,individual,STEPHEN DUGGAN,,DUGGAN,STEPHEN,,DO,M,207Q00000X,207Q00000X,124 SLEEPY HOLLOW DR,SUITE 203,MIDDLETOWN,DE,19709,197098894,3024493030,2005-12-15,2008-06-20
1538144266,individual,DIANE C BOHNER,,BOHNER,DIANE,C,MD,F,207R00000X,207R00000X,4755 OGLETOWN STANTON RD,NEWARK,NEWARK,DE,19718,197180001,3027331000,2005-12-15,2011-11-29
1750367488,individual,JILL HAMBURG,,HAMBURG,JILL,,P.A.,F,363AM0700X,363AM0700X,4745 OGLETOWN STANTON RD STE 134,,NEWARK,DE,19713,197132074,3027385300,2005-12-15,2025-07-17
1437134160,individual,HELEN PAGE TING,,TING,HELEN,PAGE,MD,F,207R00000X,207R00000X,3301 LANCASTER PIKE,SUITE 9,WILMINGTON,DE,19805,198051436,3026562069,2005-12-15,2010-01-19
1346225075,individual,GERARD FULDA,,FULDA,GERARD,,MD,M,2086S0102X,2086S0102X,4735 OGLETOWN STANTON RD,"MEDICAL ARTS PAVILION 2, SUITE 3301",NEWARK,DE,19713,197132072,3026234370,2005-12-15,2008-06-23
1245215979,individual,FREDERICK A GIBERSON,,GIBERSON,FREDERICK,A,MD,M,2086S0102X,2086S0102X|208600000X,4735 OGLETOWN STANTON RD,"MEDICAL ARTS PAVILION 2, SUITE 3301",NEWARK,DE,19713,197132072,3026234370,2005-12-15,2011-11-29
1598741100,individual,ALAN SCHWARTZ,,SCHWARTZ,ALAN,,PSYD,M,103T00000X,103T00000X,501 W 14TH ST,WILMINGTON HOSPITAL,WILMINGTON,DE,19801,198011013,3024282100,2005-12-16,2008-09-11
1093791527,individual,H THEODORE HARCKE,,HARCKE,H,THEODORE,MD,M,2085P0229X,2085P0229X,1600 ROCKLAND ROAD,,WILMINGTON,DE,19803,198033607,3026514000,2005-12-16,2011-09-26
1154307759,individual,AMANDA WOJEWODKA CANAVAN,,CANAVAN,AMANDA,WOJEWODKA,PA-C,F,363A00000X,363A00000X|363AM0700X,4755 OGLETOWN STANTON RD STE 2670,,NEWARK,DE,19718,197182200,3027332438,2005-12-16,2019-01-23
1003892423,individual,DAVID E DRIBAN,,DRIBAN,DAVID,E,MD,M,207Q00000X,207Q00000X,239 CHRISTIANA RD,,NEW CASTLE,DE,19720,197202907,3023277630,2005-12-17,2011-04-21
1912983339,individual,THOMAS G HILTON,,HILTON,THOMAS,G,MD,M,207R00000X,207R00000X,3301 LANCASTER PIKE,SUITE 9,WILMINGTON,DE,19805,198051436,3024284760,2005-12-17,2011-06-23
1467438796,individual,NEMISHH MEHTA,,MEHTA,NEMISHH,,MD,M,208000000X,208000000X,1400 PEOPLES PLZ,SUITE 201,NEWARK,DE,19702,197025707,3023922200,2005-12-19,2008-01-31
1447236773,individual,SHILPA PRABODH MEHTA,,MEHTA,SHILPA,PRABODH,MD,F,207R00000X,207R00000X|208000000X,1400 PEOPLES PLZ,SUITE 201,NEWARK,DE,19702,197025707,3023922200,2005-12-19,2008-01-31
1427034867,individual,DONNA M HENDRIE,,HENDRIE,DONNA,M,DO,F,207Q00000X,207Q00000X,282 THE GRN,UNIVERSITY OF DELAWARE,NEWARK,DE,19716,197160009,3028312227,2005-12-19,2026-07-13
1235115429,individual,MYUNG SOO LEE,,LEE,MYUNG,SOO,M.D.,M,2085N0700X,2085N0700X,L6 OMEGA DR,,NEWARK,DE,19713,197132077,3027389300,2005-12-20,2012-12-20
1134105323,individual,BRYON NICHOLAS JACOBY,,JACOBY,BRYON,NICHOLAS,MD,M,207VM0101X,207VM0101X,101 WELLNESS WAY STE 250,,MILFORD,DE,19963,199634396,3027446220,2005-12-20,2026-03-09
1417933649,individual,JOHN FELIZZI,,FELIZZI,JOHN,,CRNA,M,367500000X,367500000X,2006 LIMESTONE RD,STE 5,WILMINGTON,DE,19808,198085553,3029951860,2005-12-20,2018-01-19
1891771911,individual,TIMOTHY HUGH LANGAN,,LANGAN,TIMOTHY,HUGH,M.D.,M,207R00000X,207R00000X,3710 KENNETT PIKE,,GREENVILLE,DE,19807,198072157,3026236300,2005-12-20,2012-10-24
1639155625,organization,DELAWARE FAMILY CARE ASSOCIATES,DELAWARE FAMILY CARE ASSOCIATES,,,,,,207Q00000X,207Q00000X,2700 SILVERSIDE RD,,WILMINGTON,DE,19810,198103719,3024788421,2005-12-21,2021-05-18
1700862737,individual,ADAM S BROWNSTEIN,,BROWNSTEIN,ADAM,S,M.D.,M,207Q00000X,207Q00000X,611 FEDERAL ST,,MILTON,DE,19968,199681157,3023299616,2005-12-21,2021-08-04
1073599957,individual,GIA KIM YI,,YI,GIA,KIM,DDS,F,1223X0400X,1223X0400X,23 OXFORD WAY,,WILMINGTON,DE,19807,198072577,7034019654,2005-12-21,2025-04-02
1720064751,individual,JOSEPH BATTAGLIA,,BATTAGLIA,JOSEPH,,DO,M,207Q00000X,207Q00000X,282 THE GRN,UNIVERSITY OF DELAWARE LAUREL HALL,NEWARK,DE,19716,197160009,3029312226,2005-12-21,2026-07-13
1083690929,individual,THANH H NGUYEN,,NGUYEN,THANH,H,M.D.,M,2085R0202X,207R00000X|2085R0202X,3105 LIMESTONE RD,SUITE 106,WILMINGTON,DE,19808,198082147,3029952037,2005-12-22,2012-12-18
1184600942,organization,INTERNAL MEDICINE OF DOVER PA,INTERNAL MEDICINE OF DOVER PA,,,,,,207R00000X,207R00000X,725 SOUTH QUEEN ST,,DOVER,DE,19904,19904,3026784488,2005-12-22,2025-07-11
1780660613,individual,MITHILESH K SINGH,,SINGH,MITHILESH,K,M.D.,M,2085R0202X,2085R0202X,3105 LIMESTONE RD,SUITE 106,WILMINGTON,DE,19808,198082147,3029952037,2005-12-22,2012-12-18
1598741357,individual,CHARLES PAUL CLEMENTS,,CLEMENTS,CHARLES,PAUL,CRNA,M,367500000X,207L00000X|367500000X,4755 OGLETOWN STANTON ROAD,,NEWARK,DE,19718,197181320,3027331000,2005-12-22,2023-11-29
1104802925,individual,HENRY N MENSACK,,MENSACK,HENRY,N,P.A.-C,M,363A00000X,363A00000X,329 MULLET RUN,,MILFORD,DE,19963,199635373,4107494154,2005-12-22,2024-09-13
1528045226,individual,ROBERT E SUNDQUIST,,SUNDQUIST,ROBERT,E,DMD,M,122300000X,122300000X,253 NE FRONT ST,MILFORD STATE SERVICE CENTER AT RIVERWALK DENTAL CLINIC,MILFORD,DE,19963,199631431,3024247160,2005-12-23,2011-11-24
1295712800,individual,VINCENT PAUL FLORYSHAK,,FLORYSHAK,VINCENT,PAUL,DDS,M,122300000X,122300000X,300 TUSKEGEE BLVD,,DOVER AFB,DE,19902,199025300,3026772549,2005-12-23,2026-07-13
1376520981,individual,CHRISTOPHER FRANCIS FLYNN,,FLYNN,CHRISTOPHER,FRANCIS,MD,M,2084P0800X,2084P0800X,300 TUSKEGEE BLVD,,DOVER AFB,DE,19902,199025300,3026772498,2005-12-23,2026-07-13
1285611897,individual,MILDRED YOLANDA PAGAN-PEREZ,,PAGAN-PEREZ,MILDRED,YOLANDA,DMD,F,122300000X,122300000X,417 FEDERAL ST,,DOVER,DE,19901,199013635,3022597838,2005-12-23,2025-01-08
1942287578,organization,POWERBACK REHABILITATION LLC,POWERBACK REHABILITATION LLC,,,,,,261QR0400X,261QR0400X,715 E KING ST,,SEAFORD,DE,19973,199733505,3025365628,2005-12-23,2023-02-27
1578540225,individual,AREZOO BARANI,,BARANI,AREZOO,,DDS,F,122300000X,122300000X,300 TUSKEGEE BLVD,,DOVER AFB,DE,19902,199025300,3026772227,2005-12-23,2026-07-13
1881671493,individual,ALVIS DUANE BURRIS,,BURRIS,ALVIS,DUANE,DMD,M,1223G0001X,122300000X|1223G0001X,199 SOUTH STREET,,CAMDEN,DE,19934,19934,3026973125,2005-12-23,2025-09-11
1154308831,individual,ROBIN EDMUND JACKSON,,JACKSON,ROBIN,EDMUND,MSW,M,1041C0700X,1041C0700X|101YM0800X,300 TUSKEGEE BLVD,,DOVER AFB,DE,19902,199025300,3026773911,2005-12-23,2026-01-28
1669459343,individual,DENISE INGA COLEMAN,,COLEMAN,DENISE,INGA,MSW,F,101YM0800X,101YM0800X,300 TUSKEGEE BLVD,,DOVER AFB,DE,19902,199025300,3026772711,2005-12-23,2026-07-13
1467439141,individual,JACQUELINE DARDEN ALLEN,,ALLEN,JACQUELINE,DARDEN,NP,F,363LW0102X,363LW0102X,144 PINE ST,,DOVER,DE,19901,199014454,3022706447,2005-12-23,2015-09-09
1609853308,individual,MARCIA ALYSE POTTER,,POTTER,MARCIA,ALYSE,NP,F,363LP2300X,363LP2300X,300 TUSKEGEE BLVD,,DOVER AFB,DE,19902,199025300,3026772669,2005-12-23,2026-07-13
1326025024,individual,SUSAN MONTEMAYOR PEREZ DE TAGLE,,PEREZ DE TAGLE,SUSAN,MONTEMAYOR,MD,F,207Q00000X,207Q00000X,300 TUSKEGEE BLVD,,DOVER,DE,19902,199025300,3026772525,2005-12-23,2026-07-13
1235116930,individual,DARLENE PAPA JORDAN,,JORDAN,DARLENE,PAPA,LCSW,F,101Y00000X,101Y00000X,1500 SHALLCROSS AVE,STE 2,WILMINGTON,DE,19806,198063037,3027432984,2005-12-23,2014-01-14
1871570572,individual,MALCOLM CHRISTOPHER OWENS,,OWENS,MALCOLM,CHRISTOPHER,PA,M,363AM0700X,363AM0700X|207P00000X,1275 SOUTH STATE STREET,,DOVER AFB,DE,19901,19901,3026781303,2005-12-23,2008-12-31
1649257346,individual,LAMONTE GARNETT WILSON,,WILSON,LAMONTE,GARNETT,MSW,M,1041C0700X,1041C0700X,260 CHAPMAN RD,SUITE-200-1,NEWARK,DE,19702,197025490,3023995773,2005-12-23,2017-02-10
1528045119,individual,TIMOTHY HENNESSY,,HENNESSY,TIMOTHY,,M.D.,M,207R00000X,207R00000X,3411 SILVERSIDE RD,"WEBSTER BUILDING, SUITE 103",WILMINGTON,DE,19810,19810,3024798464,2005-12-27,2008-04-04
1861479453,individual,MATTHEW JOHN CAZAN,,CAZAN,MATTHEW,JOHN,MD,M,207Q00000X,207Q00000X,300 TUSKEGEE BLVD,,DOVER AFB,DE,19902,199025300,3026772549,2005-12-27,2026-07-13
1528045093,individual,MOSES HOCHMAN,,HOCHMAN,MOSES,,MD,M,207V00000X,207V00000X,4735 OGLETOWN STANTON RD,"MEDICAL ARTS PAVILLION II, SUITE 1204",NEWARK,DE,19713,197132072,3026234175,2005-12-27,2011-11-07
1801873385,individual,GREG A ZWEIACHER,,ZWEIACHER,GREG,A,DC,M,111N00000X,111N00000X,100 S MAIN ST,SUITE 204,SMYRNA,DE,19977,199771477,3026531188,2005-12-27,2013-05-29
1659358232,individual,JOSEPH LOUGHRAN,,LOUGHRAN,JOSEPH,,M.D.,M,207R00000X,207R00000X,3411 SILVERSIDE RD,"WEBSTER BUILDING, SUITE 103",WILMINGTON,DE,19810,198104812,3024798464,2005-12-27,2008-04-04
1932186525,individual,JAMES LOUGHRAN,,LOUGHRAN,JAMES,,M.D.,M,207R00000X,207R00000X,3411 SILVERSIDE RD,"WEBSTER BUILDING, SUITE 103",WILMINGTON,DE,19810,198104812,3024798464,2005-12-27,2007-10-25
1487631941,individual,WILLIAM HOHMAN,,HOHMAN,WILLIAM,,MD,M,207V00000X,207V00000X,4735 OGLETOWN STANTON RD,"MEDICAL ARTS PAVILLION II, SUITE 1204",NEWARK,DE,19713,197132072,3026234175,2005-12-27,2011-11-07
1245217652,individual,SHIRLEY P KLEIN,,KLEIN,SHIRLEY,P,MD,F,208000000X,208000000X,501 W 14TH ST,"WILMINGTON HOSPITAL, DEPT OF PEDIATRICS",WILMINGTON,DE,19801,198011013,3024284412,2005-12-28,2011-11-07
1912984287,individual,SANGEETA BHATTACHARYA,,BHATTACHARYA,SANGEETA,,MD,F,208000000X,208000000X|207R00000X,2401 PHILADELPHIA PIKE,,CLAYMONT,DE,19703,197032430,3024284110,2005-12-28,2012-09-28
1871570044,individual,MARK E BOROWSKY,,BOROWSKY,MARK,E,MD,M,207VX0201X,207VX0201X,4701 OGLETOWN STANTON RD,SUITE 2335,NEWARK,DE,19713,197132055,3026234285,2005-12-28,2021-01-22
1942287123,individual,PATRICIA CIRANNI,,CIRANNI,PATRICIA,,NP,F,363LX0001X,363LX0001X,4735 OGLETOWN STANTON RD STE 2300,,NEWARK,DE,19713,197138005,3022256110,2005-12-28,2021-03-18
1053398461,individual,ERIC SCHWARZ,,SCHWARZ,ERIC,,DO,M,207Q00000X,207Q00000X,726 YORKLYN RD,SUITE 100,HOCKESSIN,DE,19707,197078744,3022345770,2005-12-28,2008-06-25
1962489377,individual,ALFRED FLETCHER,,FLETCHER,ALFRED,,MD,M,207Q00000X,207Q00000X,200 HYGEIA DR,,NEWARK,DE,19713,197132049,3026230100,2005-12-28,2008-06-20
1871570283,individual,BARBARA HAMMING,,HAMMING,BARBARA,,MD,F,207Q00000X,207Q00000X,200 HYGEIA DR,,NEWARK,DE,19713,197132084,3026230100,2005-12-28,2009-07-16
1871570200,individual,HAROLD M SPANGLER,,SPANGLER,HAROLD,M,M.D.,M,207P00000X,207P00000X,424 SAVANNAH RD,,LEWES,DE,19958,199581462,3026702800,2005-12-28,2021-12-03
1992782379,individual,ALICIA ANNE MATTESON,,MATTESON,ALICIA,ANNE,MA,F,103T00000X,103T00000X,300 TUSKEGEE BLVD,,DOVER AFB,DE,19902,199025300,3026772674,2005-12-28,2026-07-13
1699752071,individual,PARINAZ BARADARAN,,BARADARAN,PARINAZ,,MD,F,207R00000X,207R00000X,1016 DELAWARE AVE,,WILMINGTON,DE,19806,198064704,3024684500,2005-12-28,2016-09-29
1497732705,individual,DAVID SCHULER GRUBBS,,GRUBBS,DAVID,SCHULER,M.D.,M,207RC0000X,207RC0000X|207R00000X,"K15 OMEGA DR, SUITE 5",,NEWARK,DE,19713,19713,3027387303,2005-12-28,2015-01-06
1073590287,individual,GARRETT HC COLMORGEN,,COLMORGEN,GARRETT,HC,MD,M,207VM0101X,207V00000X|207VM0101X,640 S STATE ST FL 6,,DOVER,DE,19901,199013530,3027446220,2005-12-29,2023-03-07
1356328587,individual,CAROLINE CONARD,,CONARD,CAROLINE,,NP,F,363LX0001X,363LX0001X,4755 OGLETOWN STANTON ROAD,,NEWARK,DE,19718,197180001,3027336510,2005-12-29,2008-06-20
1679550750,individual,CYNTHIA HELDT,,HELDT,CYNTHIA,,MD,F,207R00000X,207R00000X,3301 LANCASTER PIKE,SUITE 9,WILMINGTON,DE,19805,198051436,3024284569,2005-12-29,2011-06-23
1801873062,individual,COLLEEN DETURK,,DETURK,COLLEEN,,NP,F,363LX0001X,363LX0001X,4755 OGLETOWN-STANTON ROAD,,NEWARK,DE,19718,197180001,3027336510,2005-12-29,2013-01-25
1689651747,individual,BETH FISHER,,FISHER,BETH,,DO,F,207Q00000X,207Q00000X,124 SLEEPY HOLLOW DR,SUITE 203,MIDDLETOWN,DE,19709,197098894,3024493030,2005-12-29,2009-09-11
1417934589,individual,DONALD S HAYES,,HAYES,DONALD,S,MD,M,207R00000X,207R00000X,3301 LANCASTER AVENUE,SUITE 9,WILMINGTON,DE,19805,19805,3026562069,2005-12-29,2013-04-01
1306823471,individual,ALLEN R FRIEDLAND,,FRIEDLAND,ALLEN,R,MD,M,207R00000X,207R00000X|208000000X,200 HYGEIA DR,UNIT D,NEWARK,DE,19713,197132049,3026230100,2005-12-29,2017-08-25
1902883895,individual,SCOTT J. TUCCI,,TUCCI,SCOTT,J.,OD,M,152W00000X,152W00000X,5301 LIMESTONE RD,SUITE 128,WILMINGTON,DE,19808,198081250,3022391933,2005-12-30,2012-06-14
1750369674,organization,DOCTORS FOR EMERGENCY SERVICE,DOCTORS FOR EMERGENCY SERVICE,,,,,,207P00000X,207P00000X,4755 OGLETOWN STANTON ROAD,,NEWARK,DE,19718,19718,3027331000,2006-01-03,2007-09-18
1487632303,individual,PAUL R SIERZENSKI,,SIERZENSKI,PAUL,R,MD,M,207P00000X,207P00000X,4755 OGLETOWN STANTON RD,,NEWARK,DE,19718,19718,3027331000,2006-01-03,2026-07-13
1487632204,individual,STEPHEN MENALDINO,,MENALDINO,STEPHEN,,MD,M,207R00000X,207R00000X,200 HYGEIA DR,,NEWARK,DE,19713,197132049,3026230100,2006-01-03,2012-10-08
1295713014,individual,DANA L NEWSWANGER,,NEWSWANGER,DANA,L,DO,F,207Q00000X,207Q00000X,726 YORKLYN RD,SUITE 100,HOCKESSIN,DE,19707,197078744,3022345770,2006-01-03,2010-06-08
1386622108,individual,LEONARD A NITOWSKI,,NITOWSKI,LEONARD,A,MD,M,207P00000X,207P00000X,4755 OGLETOWN STANTON ROAD,,NEWARK,DE,19718,19718,3027331000,2006-01-03,2026-07-13
1194703918,individual,GORDON D REED,,REED,GORDON,D,MD,M,207P00000X,207P00000X,4755 OGLETOWN STANTON RD,,NEWARK,DE,19718,197182200,3027331848,2006-01-03,2012-10-05
1275511008,individual,LISA C MAZUR,,MAZUR,LISA,C,PAC,F,363A00000X,363A00000X,4755 OGLETOWN-STANTON ROAD,,NEWARK,DE,19718,197180001,3027331000,2006-01-03,2026-07-13
1770561508,individual,JENNIFER MARTIN,,MARTIN,JENNIFER,,NP,F,363LX0001X,363LX0001X,4755 OGLETOWN-STANTON ROAD,,NEWARK,DE,19718,197180001,3027336510,2006-01-03,2008-06-24
1689652414,individual,MARIA ELENA SOLER,,SOLER,MARIA,ELENA,MD,F,207V00000X,207V00000X,4755 OGLETOWN-STANTON ROAD,,NEWARK,DE,19718,197180001,3027226510,2006-01-03,2017-08-23
1013995877,individual,AUDREY O PESSU-UWAH,,PESSU-UWAH,AUDREY,O,M.D,F,207R00000X,207R00000X,282 THE GRN,STUDENT HEALTH SERVICE LAUREL HALL UNIV. OF DELAWARE,NEWARK,DE,19716,197160009,3028312227,2006-01-03,2026-07-13
1609854470,individual,JANE WILLIAMS MOORE,,MOORE,JANE,WILLIAMS,MD,F,207Q00000X,207Q00000X,4735 OGLETOWN STANTON RD,"MAP 2, SUITE 1250",NEWARK,DE,19713,197132072,3026230200,2006-01-03,2017-05-03
1306824107,individual,STEVEN KUSHNER,,KUSHNER,STEVEN,,MD,M,207P00000X,207P00000X,4755 OGLETOWN STANTON RD,,NEWARK,DE,19718,19718,3027331000,2006-01-03,2026-07-13
1114905916,individual,SUSAN A MEYER,,MEYER,SUSAN,A,ARNP,F,363LW0102X,363LW0102X,282 THE GRN,UNIVERSITY OF DELAWARE,NEWARK,DE,19716,197160009,3028318035,2006-01-03,2026-07-13
1477531275,individual,JASON E NACE,,NACE,JASON,E,MD,M,207P00000X,207P00000X,4755 OGLETOWN STANTON RD,,NEWARK,DE,19718,19718,3027331000,2006-01-03,2007-08-23
1295713006,individual,JAMES M CARROLL,,CARROLL,JAMES,M,MD,M,207P00000X,207P00000X,4755 OGLETOWN STANTON RD,,NEWARK,DE,19718,19718,3027331000,2006-01-03,2026-07-13
1013995828,individual,BRIAN E BURGESS,,BURGESS,BRIAN,E,MD,M,207P00000X,207P00000X,4755 OGLETOWN STANTON ROAD,,NEWARK,DE,19718,19718,3027331000,2006-01-03,2026-07-13
1194703900,individual,ANITA H HODSON,,HODSON,ANITA,H,MD,F,207P00000X,207P00000X,4755 OGLETOWN STANTON RD,,NEWARK,DE,19718,19718,3027331000,2006-01-03,2007-09-04
1003894817,individual,PAUL C ANDERSON,,ANDERSON,PAUL,C,MD,M,207P00000X,207P00000X,4755 OGELTOWN STANTON ROAD,,NEWARK,DE,19718,197180001,3027331000,2006-01-03,2026-07-13
1952389744,individual,AARON MATTHEW SWENSON,,SWENSON,AARON,MATTHEW,DDS,M,122300000X,122300000X,300 TUSKEGEE BLVD,,DOVER AFB,DE,19902,199025300,3026772201,2006-01-03,2026-07-13
1285612093,individual,CORY T CARPENTER,,CARPENTER,CORY,T,MD,M,207P00000X,207P00000X,4755 OGLETOWN STANTON RD,,NEWARK,DE,19718,19718,3027331000,2006-01-03,2026-07-13
1184602997,individual,ROSS E MEGARGEL,,MEGARGEL,ROSS,E,DO,M,207P00000X,207P00000X,4755 OGELTOWN STANTON ROAD,,NEWARK,DE,19718,197180001,3027331000,2006-01-03,2026-07-13
1891773602,individual,ANGELO GRILLO,,GRILLO,ANGELO,,MD,M,207P00000X,207P00000X,4755 OGLETOWN STANTON ROAD,,NEWARK,DE,19718,197180001,3027331000,2006-01-03,2026-07-13
1083692792,individual,LEO W BURNS,,BURNS,LEO,W,MD,M,207P00000X,207P00000X,4755 OGLETOWN-STANTON RD,,NEWARK,DE,19718,19718,3027331000,2006-01-03,2026-07-13
1427036136,individual,YOLANDA J ANGSTADT,,ANGSTADT,YOLANDA,J,PAC,F,363A00000X,363A00000X,4755 OGLETOWN-STANTON RD,,NEWARK,DE,19718,19718,3027331000,2006-01-03,2007-08-23
1154309078,individual,LAURA A LAWLER,,LAWLER,LAURA,A,MD,F,208000000X,208000000X,4755 OGLETOWN STANTON RD,"CHRISTIANA HOSPITAL, DEPT OF PEDIATRICS",NEWARK,DE,19718,197180001,3027336500,2006-01-03,2011-11-08
1780662502,individual,PHILIP SHLOSSMAN,,SHLOSSMAN,PHILIP,,MD,M,207VM0101X,207VM0101X,1 CENTURIAN DR,SUITE 312,NEWARK,DE,19713,197132137,3023195680,2006-01-03,2011-11-21
1598743312,individual,CEM SOYKAN,,SOYKAN,CEM,,MD,M,2080N0001X,2080N0001X,4755 OGLETOWN STANTON RD,DEPT. OF PEDIATRICS,NEWARK,DE,19718,197180002,3027334200,2006-01-03,2007-08-23
1407834229,individual,SUSAN SZABO,,SZABO,SUSAN,,MD,F,207RI0200X,207RI0200X,1400 N WASHINGTON ST,,WILMINGTON,DE,19801,198011024,3022551300,2006-01-03,2009-07-27
1316925134,individual,YVONNE TING,,TING,YVONNE,,MD,F,207Q00000X,207Q00000X,200 HYGEIA DR,,NEWARK,DE,19713,197132049,3026230200,2006-01-03,2011-11-16
1770561524,individual,ERICA DENISE RADDEN,,RADDEN,ERICA,DENISE,MD,F,207Q00000X,207Q00000X,300 TUSKEGEE BLVD,436 MDG,DOVER,DE,19902,199025003,3026772600,2006-01-03,2010-09-21
1073591970,individual,RIPUDAMAN S HUNDAL,,HUNDAL,RIPUDAMAN,S,MD,M,207RE0101X,207RE0101X,774 CHRISTIANA RD STE 109,,NEWARK,DE,19713,197134248,3024448156,2006-01-03,2021-08-19
1982682886,individual,ELIZABETH A JACKOVIC,,JACKOVIC,ELIZABETH,A,DO,F,207Q00000X,207Q00000X,200 HYGEIA DR,,NEWARK,DE,19713,197132049,3026230100,2006-01-03,2010-10-19
1790763696,individual,MARY KOBAK,,KOBAK,MARY,,MD,F,207Q00000X,207Q00000X,200 HYGEIA DR,,NEWARK,DE,19713,197132049,3026230100,2006-01-03,2008-07-31
1609854504,individual,ALLISON BUONOCORE,,BUONOCORE,ALLISON,,MD,F,207R00000X,208000000X|207R00000X,4735 OGLETOWN STANTON RD,SUITE 1250,NEWARK,DE,19713,197132072,3026230260,2006-01-03,2015-01-02
1881672780,individual,MARK MANCUSO,,MANCUSO,MARK,,MD,M,207L00000X,207L00000X,2006 LIMESTONE RD STE 5,,WILMINGTON,DE,19808,198085553,3029951860,2006-01-03,2018-03-17
1861470767,individual,GREGORY V. MARCOTTE,,MARCOTTE,GREGORY,V.,M.D.,M,207K00000X,207KA0200X|207K00000X,1401 FOULK RD STE 205,,WILMINGTON,DE,19803,198032764,3029980300,2006-01-03,2022-04-25
1477531390,individual,SUSAN LIVESAY,,LIVESAY,SUSAN,,MD,F,207Q00000X,207Q00000X,200 HYGEIA DRIVE,,NEWARK,DE,19713,197132084,3026230100,2006-01-03,2012-09-25
1700864576,organization,NEWARK EMERGENCY CENTER,NEWARK EMERGENCY CENTER,,,,,,207P00000X,207P00000X|261QU0200X,324 E MAIN ST,,NEWARK,DE,19711,19711,3027384300,2006-01-03,2026-06-11
1033197843,individual,LISA ANNE WULLSCHLEGER,,WULLSCHLEGER,LISA,ANNE,WHNP,F,363L00000X,363L00000X,805 RIVER RD,KENT COUNTY PUBLIC HEALTH FAMILY PLANNING,DOVER,DE,19901,19901,3027394728,2006-01-03,2026-07-13
1114905924,individual,THOMAS A SWEENEY,,SWEENEY,THOMAS,A,MD,M,207P00000X,207P00000X,4755 OGLETOWN STANTON RD,,NEWARK,DE,19718,19718,3027331000,2006-01-03,2026-07-13
1578541389,individual,BRIAN J LEVINE,,LEVINE,BRIAN,J,MD,M,207P00000X,207P00000X,4755 OGLETOWN STANTON RD,,NEWARK,DE,19718,19718,3027331000,2006-01-03,2026-07-13
1477531184,individual,CHRISTOPHER J MURPHY,,MURPHY,CHRISTOPHER,J,MD,M,207P00000X,207P00000X,4755 OGLETOWN-STANTON ROAD,,NEWARK,DE,19718,197180001,3027331000,2006-01-03,2026-07-13
1467430173,individual,SUNANDA NABHA,,NABHA,SUNANDA,,MD,F,207P00000X,207P00000X,4755 OGLETOWN STANTON RD,,NEWARK,DE,19718,19718,3027331000,2006-01-03,2026-07-13
1134107840,individual,ANILKUMAR B JASANI,,JASANI,ANILKUMAR,B,MD,M,207P00000X,207P00000X,4755 OGLETOWN-STANTON RD,,NEWARK,DE,19718,19718,3027331840,2006-01-03,2007-08-25
1992783716,individual,JOHN OTTO,,OTTO,JOHN,,OD,M,152W00000X,152W00000X,200 HYGEIA DR,,NEWARK,DE,19713,197132049,3026230100,2006-01-03,2026-02-09
1801874623,individual,JULIA PRESTI-BONOMO,,PRESTI-BONOMO,JULIA,,DO,F,207Q00000X,207Q00000X,124 SLEEPY HOLLOW DR,SUITE 203,MIDDLETOWN,DE,19709,197098894,3024493030,2006-01-03,2011-11-17
1356329171,individual,PAUL V KRAJEWSKI,,KRAJEWSKI,PAUL,V,PAC,M,363A00000X,363A00000X,4755 OGLETOWN STANTON ROAD,,NEWARK,DE,19718,19718,3027331000,2006-01-03,2007-08-10
1972581791,individual,BRENT A PASSARELLO,,PASSARELLO,BRENT,A,MD,M,207P00000X,207P00000X,4755 OGLETOWN-STANTON ROAD,,NEWARK,DE,19718,197180001,3027331000,2006-01-03,2026-07-13
1326026147,individual,TABASSUM SALAM,,SALAM,TABASSUM,,MD,F,207R00000X,207R00000X,4755 OGLETOWN STANTON RD,"CHRISTIANA HOSPITAL, AMMON BUILDING, SUITE 2E70",NEWARK,DE,19718,197182200,3027336384,2006-01-03,2013-11-27
1992783757,individual,PAUL NICHOLASEN,,NICHOLASEN,PAUL,,MD,M,207R00000X,207R00000X,200 HYGEIA DR,,NEWARK,DE,19713,197132049,3026230100,2006-01-03,2011-06-27
1891773651,organization,NEWARK EMERGENCY PHYSICIANS,NEWARK EMERGENCY PHYSICIANS,,,,,,207P00000X,207P00000X,324 E MAIN ST,,NEWARK,DE,19711,19711,3027384300,2006-01-03,2007-08-29
1982682795,individual,BRIAN J DUDA,,DUDA,BRIAN,J,PAC,M,363A00000X,363A00000X,4755 OGLETOWN STANTON ROAD,,NEWARK,DE,19718,19718,3027331000,2006-01-03,2026-07-13
1780662593,individual,TIMOTHY J FELKER,,FELKER,TIMOTHY,J,PAC,M,363A00000X,363A00000X,4755 OGLETOWN STANTON RD,,NEWARK,DE,19718,19718,3027331000,2006-01-03,2017-02-28
1598743304,individual,JEREMIAH L DRISCOLL,,DRISCOLL,JEREMIAH,L,PAC,M,363A00000X,363A00000X,4755 OGLETOWN STANTON RD,,NEWARK,DE,19718,19718,3027331000,2006-01-03,2026-07-13
1295713907,individual,WILLIAM PAYNTER,,PAYNTER,WILLIAM,,PAC,M,363A00000X,363A00000X,4755 OGLETOWN STANTON ROAD,,NEWARK,DE,19718,19718,3027331000,2006-01-03,2026-07-13
1669450318,individual,JOHN F MADDEN,,MADDEN,JOHN,F,MD,M,207P00000X,207P00000X,4755 OGLETOWN STANTON RD,,NEWARK,DE,19718,19718,3027331000,2006-01-04,2026-07-13
1396723078,organization,KENT SUSSEX COMMUNITY SERVICES INC.,KENT SUSSEX COMMUNITY SERVICES INC.,,,,,,251B00000X,251B00000X,1241 COLLEGE PARK DR,,DOVER,DE,19904,199048713,3027357790,2006-01-04,2015-09-14
1548248156,individual,LEROY BELL,,BELL,LEROY,,DDM,M,122300000X,122300000X,102 OSPREY CT,,CAMDEN,DE,19934,199342012,3026973994,2006-01-04,2014-02-06
1134107741,individual,SUSAN LIN,,LIN,SUSAN,,MD,F,207P00000X,207P00000X,4755 OGLETOWN STANTON RD,,NEWARK,DE,19718,197182200,3027331000,2006-01-04,2021-12-22
1942288568,individual,ERIC T FELKER,,FELKER,ERIC,T,PAC,M,363A00000X,363A00000X,4755 OGLETOWN STANTON RD,,NEWARK,DE,19718,19718,3027331000,2006-01-04,2026-07-13
1487632006,individual,DEBORAH ANN DEVANY,,DEVANY,DEBORAH,ANN,LCSW,F,1041C0700X,1041C0700X,200 CHRISTIANA VILLAGE PROFESSIONAL CENTER,,NEWARK,DE,19702,19702,3022830411,2006-01-04,2026-07-13
1740268010,individual,MASOOD A SIDDIQUI,,SIDDIQUI,MASOOD,A,"MD, FCCP",M,207RP1001X,207R00000X|207RC0200X|207RS0012X|207RP1001X,5509 KIRKWOOD HWY STE 6,,WILMINGTON,DE,19808,198085001,3029944010,2006-01-05,2023-01-20
1902884463,individual,PHILLIPH BIALECKI,,BIALECKI,PHILLIPH,,M.D.,M,207P00000X,207P00000X,640 S STATE ST,,DOVER,DE,19901,199013530,3027446156,2006-01-05,2024-08-05
1134107238,organization,HAND THERAPY OF DELAWARE,HAND THERAPY OF DELAWARE,,,,,,261QM1300X,222Z00000X|2251H1200X|261QM1300X|332BC3200X|335E00000X,623 W NEWPORT PIKE,,NEWPORT,DE,19804,198043235,3029957510,2006-01-09,2025-09-11
1538147673,individual,MARILYNN A BARTLEY,,BARTLEY,MARILYNN,A,NP,F,363L00000X,363L00000X,4745 OGLETOWN STANTON ROAD,SUITE 129,NEWARK,DE,19713,19713,3027334540,2006-01-09,2016-01-20
1548248586,individual,ROBERT M BERLEY,,BERLEY,ROBERT,M,MD,M,207Q00000X,207Q00000X,200 HYGEIA DRIVE,,NEWARK,DE,19713,197132084,3026230100,2006-01-09,2011-12-19
1205814241,individual,DAVID M BERCAW,,BERCAW,DAVID,M,MD,M,207Q00000X,207Q00000X,1401 FOULK RD,SUITE 100B,WILMINGTON,DE,19803,198032763,3024773300,2006-01-09,2011-11-29
1013995059,individual,HEATHER BITTNER-FAGAN,,BITTNER-FAGAN,HEATHER,,MD,F,207Q00000X,207Q00000X,1401 FOULK RD,SUITE 100B,WILMINGTON,DE,19803,198032763,3024773300,2006-01-09,2012-06-27
1679551717,individual,THOMAS L BAUER,,BAUER,THOMAS,L,MD,M,208G00000X,208G00000X|208600000X,4701 OGLETOWN STANTON RD,"HELEN F. GRAHAM CANCER CENTER, SUITE 2100",NEWARK,DE,19713,197132055,3026234530,2006-01-09,2012-11-28
1659359669,individual,LYNN MARY ROMANO,,ROMANO,LYNN,MARY,M.D.,F,207R00000X,207R00000X,9111 ANTIQUE ALY,UNIT 1,BRIDGEVILLE,DE,19933,199334682,3023379320,2006-01-09,2013-11-12
1851379960,individual,RODNEY BALTAZAR,,BALTAZAR,RODNEY,,D.O.,M,207V00000X,207V00000X,120 SANDHILL DR,,MIDDLETOWN,DE,19709,197095806,3024491988,2006-01-09,2026-07-13
1164400289,individual,JANINE M JORDAN,,JORDAN,JANINE,M,MD,F,207R00000X,207R00000X,501 W 14TH ST,WILMINGTON HOSPITAL,WILMINGTON,DE,19899,19899,3024284900,2006-01-09,2011-11-16
1811975808,individual,LORI L FELKER,,FELKER,LORI,L,PA C,F,363A00000X,363A00000X,4755 OGLETOWN-STANTON RD,,NEWARK,DE,19718,19718,3027331000,2006-01-09,2026-07-13
1356320352,individual,DAWN CESARINI MANLEY,,MANLEY,DAWN,CESARINI,M.D.,F,207V00000X,207V00000X,227 S COLLEGE AVE,"UNIVERSITY OF DELAWARE, STUDENT HEALTH SERVICES",NEWARK,DE,19711,197115267,3028318035,2006-01-10,2026-07-13
1629057641,individual,ERIC L GALLAGHER,,GALLAGHER,ERIC,L,MD,M,207P00000X,207P00000X,424 SAVANNAH RD,,LEWES,DE,19958,19958,3028453296,2006-01-10,2026-07-13
1528047545,individual,ANGELE ZACK,,ZACK,ANGELE,,FNP,F,363L00000X,363L00000X,424 SAVANNAH RD,,LEWES,DE,19958,199581462,3026453296,2006-01-10,2026-07-13
1427037449,individual,JOHN MACKENZIE,,MACKENZIE,JOHN,,DO,M,207P00000X,207P00000X,424 SAVANNAH ROAD,,LEWES,DE,19958,19958,3026453296,2006-01-10,2026-07-13
1720067648,individual,THOMAS L SHREEVE,,SHREEVE,THOMAS,L,MD,M,207P00000X,207P00000X,424 SAVANNAH ROAD,,LEWES,DE,19958,19958,3026453296,2006-01-10,2026-07-13
1588643415,individual,THOMAS M CATHCART,,CATHCART,THOMAS,M,PAC,M,363A00000X,363A00000X,424 SAVANNAH ROAD,,LEWES,DE,19958,19958,3026453296,2006-01-10,2026-07-13
1548249477,individual,JOHN L SULLIVAN,,SULLIVAN,JOHN,L,PAC,M,363A00000X,363A00000X,540 S GOVERNORS AVE,SUITE 101A,DOVER,DE,19904,199043530,3027447980,2006-01-10,2014-08-07
1275512105,organization,SUSSEX EMERGENCY ASSOCIATES LLC,SUSSEX EMERGENCY ASSOCIATES LLC,,,,,,207P00000X,207P00000X,424 SAVANNAH RD,,LEWES,DE,19958,19958,3026453296,2006-01-10,2007-08-29
1962481804,individual,KEVIN D BRISTOWE,,BRISTOWE,KEVIN,D,MD,M,207P00000X,207P00000X,424 SAVANNAH RD,,LEWES,DE,19958,19958,3026453296,2006-01-10,2008-04-28
1376522359,organization,BRANDYWINE HUNDRED FIRE CO. NO. 1,BRANDYWINE HUNDRED FIRE CO. NO. 1,,,,,,3416L0300X,3416L0300X,1006 BRANDYWINE BLVD,,WILMINGTON,DE,19809,198092530,3027644901,2006-01-10,2009-10-19
1336128347,individual,LAUREN GILBERT,,GILBERT,LAUREN,,PA-C,F,363A00000X,363A00000X|363AS0400X,1600 ROCKLAND RD,,WILMINGTON,DE,19803,198033607,3026516159,2006-01-10,2008-08-18
1043299050,individual,CLAUDE L LAVALLEE,,LAVALLEE,CLAUDE,L,MD,M,207P00000X,207P00000X,424 SAVANNAH RD,,LEWES,DE,19958,19958,3026453296,2006-01-10,2026-07-13
1033198049,individual,DOUGLAS B ALLEN,,ALLEN,DOUGLAS,B,DO,M,207P00000X,207P00000X,424 SAVANNAH RD,,LEWES,DE,19958,19958,3026453554,2006-01-10,2010-11-13
1295714210,individual,FRANCIS P MARTIN,,MARTIN,FRANCIS,P,MD,M,207P00000X,207P00000X,21 W CLARKE AVE,,MILFORD,DE,19963,19963,3024223311,2006-01-10,2018-08-13
1922087949,individual,MICHELLE F PARSONS,,PARSONS,MICHELLE,F,MD,F,207P00000X,207P00000X,416 REHOBOTH AVE,RENOVE,REHOBOTH BEACH,DE,19971,199713113,3022271079,2006-01-10,2011-12-13
1912986936,individual,EMILY JEANNE MASSEY,,MASSEY,EMILY,JEANNE,M.D.,F,207P00000X,207P00000X,640 S STATE ST,,DOVER,DE,19901,199013530,3027446156,2006-01-10,2023-02-13
1720067747,individual,CHARLES A STANISLAV,,STANISLAV,CHARLES,A,MD,M,207R00000X,207R00000X|207QA0505X|207QA0000X,34435 KING STREET ROW,SUITE 1,LEWES,DE,19958,199584787,3026441300,2006-01-10,2011-06-16
1528047420,individual,PATRICK K PHELAN,,PHELAN,PATRICK,K,PAC,M,363A00000X,363A00000X,4755 OGLETOWN-STANTON RD,,NEWARK,DE,19718,19718,3027331000,2006-01-10,2026-07-13
1508845405,individual,DONNITA M SCOTT,,SCOTT,DONNITA,M,MD,F,207P00000X,207P00000X,4755 OGLETOWN-STANTON RD,,NEWARK,DE,19718,19718,3027331000,2006-01-10,2026-07-13
1295714103,organization,"OPTOMETRY ASSOCIATES, P.A.","OPTOMETRY ASSOCIATES, P.A.",,,,,,152W00000X,152W00000X,419 N MARKET ST,,WILMINGTON,DE,19801,198013002,3026546490,2006-01-10,2010-07-02
1588643506,individual,DEAN R DOBBERT,,DOBBERT,DEAN,R,"MD, MPH",M,207P00000X,207P00000X,19161 HEALTHY WAY UNIT 100,,REHOBOTH BEACH,DE,19971,199714491,3026453010,2006-01-10,2024-11-01
1447239363,organization,CITY OF WILMINGTON FIRE DEPT,CITY OF WILMINGTON FIRE DEPT,,,,,,341600000X,341600000X,300 N WALNUT ST,,WILMINGTON,DE,19801,198013973,3022833300,2006-01-10,2020-08-22
1437138351,individual,ROBERT HENRY,,HENRY,ROBERT,,PAC,M,363A00000X,363A00000X,24459 SUSSEX HWY,,SEAFORD,DE,19973,199734433,3026293099,2006-01-10,2016-10-11
1982683827,individual,ROBERT A PORTZ,,PORTZ,ROBERT,A,MD,M,207QA0505X,207P00000X|207QA0505X,18947 JOHN J WILLIAMS HWY UNIT 210,,REHOBOTH BEACH,DE,19971,199714476,3026453121,2006-01-10,2018-03-17
1942289830,individual,LISA RANI MAERCKS-NAGLE,,MAERCKS-NAGLE,LISA,RANI,M.D.,F,207P00000X,207P00000X,701 N CLAYTON ST,,WILMINGTON,DE,19805,198053165,3022669706,2006-01-10,2023-09-25
1376522268,individual,EDWARD J KNOX,,KNOX,EDWARD,J,PAC,M,363A00000X,363A00000X,4755 OGLETOWN-STANTON RD,,NEWARK,DE,19718,19718,3027331000,2006-01-10,2026-07-13
1548249444,individual,GEORGE R ZLUPKO,,ZLUPKO,GEORGE,R,MD,M,207P00000X,207P00000X,4755 OGLETOWN-STANTON RD,,NEWARK,DE,19718,19718,3027331000,2006-01-10,2026-07-13
1841279577,individual,ERICA GILES,,GILES,ERICA,,PNP,F,208000000X,208000000X,125-1 GREENTREE DRIVE,,DOVER,DE,19904,19904,3026788333,2006-01-11,2007-08-27
1578542205,organization,THE CENTER FOR PEDIATRIC AND ADOLESCENT MEDICINE,THE CENTER FOR PEDIATRIC AND ADOLESCENT MEDICINE,,,,,,208000000X,208000000X,125-1 GREENTREE DROVE,,DOVER,DE,19904,19904,3026788333,2006-01-11,2008-09-22
1679552343,individual,WINSTON RYDER WITHERELL,,WITHERELL,WINSTON,RYDER,PT,M,225100000X,225100000X,300 TUSKEGEE BLVD,436 MEDICAL GROUP,DOVER AFB,DE,19902,199025003,3026772568,2006-01-11,2011-04-26
1609855386,organization,GUMBORO VOLUNTEER FIRE CO.,GUMBORO VOLUNTEER FIRE CO.,,,,,,146N00000X,146N00000X,37030 MILLSBORO HWY,,MILLSBORO,DE,19966,199663026,3022387411,2006-01-11,2022-07-21
1104805894,individual,JASON PETER MOHACEY,,MOHACEY,JASON,PETER,MSPT,M,225100000X,174400000X|225100000X,100 SILICATO PKWY STE 105,,MILFORD,DE,19963,199631271,3022653744,2006-01-11,2024-10-07
1326027186,individual,GAGAN KAUR SINGH,,SINGH,GAGAN,KAUR,MD,F,2085R0202X,2085R0202X,4755 OGLETOWN STANTON ROAD,CHRISTIANA HOSPITAL,NEWARK,DE,19718,197182200,3027331806,2006-01-11,2025-03-28
1134108863,individual,LINDA COCHRAN,,COCHRAN,LINDA,,PNP,F,208000000X,208000000X,1600 ROCKLAND RD,,WILMINGTON,DE,19803,198033607,3026515860,2006-01-11,2013-02-14
1912986522,individual,SELINA YINGQI XING,,XING,SELINA,YINGQI,MD,F,2081P2900X,208100000X|2081P2900X,1941 LIMESTONE RD STE 101,,WILMINGTON,DE,19808,198085413,3026559494,2006-01-11,2025-05-15
1639158280,individual,LAEEQ AHMER,,AHMER,LAEEQ,,M.D,M,207RC0000X,207RC0000X,802 N DUPONT BLVD,,MILFORD,DE,19963,199631006,3024226050,2006-01-12,2017-03-13
1821077462,individual,VINCENT D ABBRESCIA,,ABBRESCIA,VINCENT,D,D.O,M,207RC0000X,207RC0000X,200 BANNING STREET,SUITE 340,DOVER,DE,19904,19904,3027341414,2006-01-12,2019-07-29
1508845132,individual,LAXMICHAND DEDHIA,,DEDHIA,LAXMICHAND,,M.D.,M,207Q00000X,207Q00000X,114 SANDHILL DR,STE 101,MIDDLETOWN,DE,19709,197095805,3023784779,2006-01-12,2015-07-10
1578542122,organization,"CAPE MEDICAL ASSOCIATES, P.A.","CAPE MEDICAL ASSOCIATES, P.A.",,,,,,174400000X,174400000X,701 SAVANNAH RD,SUITE B,LEWES,DE,19958,199581550,3026452805,2006-01-12,2011-03-25
1265411508,individual,DAVID ROBERT BIRCH,,BIRCH,DAVID,ROBERT,D.O.,M,207Q00000X,207Q00000X,810 SEABURY AVENUE,BEEBE FAMILY PRACTICE - MILFORD,MILFORD,DE,19963,19963,3023932056,2006-01-13,2017-01-04
1285613687,organization,TOWNSEND FIRE COMPANY,TOWNSEND FIRE COMPANY,,,,,,341600000X,341600000X,107 MAIN ST,BUILDING D,TOWNSEND,DE,19734,197349778,3022833300,2006-01-13,2012-12-28
1316926736,individual,PRAVINCHANDRA O GOHEL,,GOHEL,PRAVINCHANDRA,O,M.D.,M,207RC0000X,207RC0000X,34453 KING STREET ROW,SUITE 2,LEWES,DE,19958,199584787,3026447676,2006-01-13,2015-04-07
1548249980,individual,VINCENT MARMO,,MARMO,VINCENT,,D.O.,M,207RC0000X,207RC0000X,2300 PENNSYLVANIA AVE,SUITE 4C,WILMINGTON,DE,19806,198061339,3027771697,2006-01-13,2026-09-06
1720067077,individual,MARK ZWEBEN,,ZWEBEN,MARK,,M.D.,M,207RC0000X,207RC0000X,121 BECKS WOODS DR,SUITE 200,BEAR,DE,19701,197013851,3028347676,2006-01-14,2015-07-08
1487633665,individual,CORAZON A BAHIA,,BAHIA,CORAZON,A,M.D.,F,2085R0202X,2085R0202X,640 S STATE ST,,DOVER,DE,19901,199013530,3027447062,2006-01-16,2012-03-27
1659350874,organization,URGENT AMBULANCE SERVICE INC,URGENT AMBULANCE SERVICE INC,,,,,,3416L0300X,3416L0300X,8 TYLER WAY,,NEWARK,DE,19713,197133449,8004524443,2006-01-16,2022-05-27
1952380123,individual,DONALD CLARKE TILTON,,TILTON,DONALD,CLARKE,D.O.,M,2085R0001X,2085R0001X,793 S QUEEN ST,,DOVER,DE,19904,199043568,3026744401,2006-01-16,2007-08-18
1780663955,individual,CHRISTOPHER ZEBLEY,,ZEBLEY,CHRISTOPHER,,NP,M,363L00000X,363L00000X,1400 WASHINGTON STREET,,WILMINGTON,DE,19801,198015112,3022551300,2006-01-16,2009-07-27
1437138625,individual,GEORGE T EDELMAN,,EDELMAN,GEORGE,T,P.T.,M,2251X0800X,2251X0800X,99 WOLF CREEK BLVD,SUITE 2,DOVER,DE,19901,199014968,3027348000,2006-01-16,2020-10-21
1669451720,individual,AMY D. THOMPSON,,THOMPSON,AMY,D.,MD,F,208000000X,208000000X|207PP0204X,1600 ROCKLAND ROAD,,WILMINGTON,DE,19803,198033607,3026514000,2006-01-16,2009-07-16
1447239579,individual,JOYDEEP HALDAR,,HALDAR,JOYDEEP,,MD,M,207P00000X,207P00000X,424 SAVANNAH ROAD,,LEWES,DE,19958,19958,3026453296,2006-01-17,2026-07-13
1437138567,individual,CLAUDIA J HALSTEAD,,HALSTEAD,CLAUDIA,J,PAC,F,363A00000X,363A00000X,424 SAVANNAH RD,,LEWES,DE,19958,19958,3026453296,2006-01-17,2026-07-13
1528048667,individual,JENNIFER L. KELLY-MCCOY,,KELLY-MCCOY,JENNIFER,L.,PAC,F,363A00000X,363A00000X,4755 OGLETOWN STANTON ROAD,SUITE 2E99,NEWARK,DE,19718,197182200,3027335982,2006-01-17,2024-09-18
1760461859,individual,MHAIDI ELMEDKHAR,,ELMEDKHAR,MHAIDI,,M.D.,M,207Q00000X,207Q00000X,209 E MAIN ST,,MIDDLETOWN,DE,19709,197091449,3023766761,2006-01-17,2013-05-02
1679552764,individual,PRAYUS T TAILOR,,TAILOR,PRAYUS,T,M.D.,M,207RN0300X,207RN0300X,4923 OGLETOWN STANTON RD,SUITE 200,NEWARK,DE,19713,197132081,3022250451,2006-01-17,2021-06-17
1801875992,individual,G JEFFREY MILAN,,MILAN,G,JEFFREY,M.D.,M,207RN0300X,207RN0300X,1198 S GOVERNORS AVE STE B100,,DOVER,DE,19904,199046930,3027343227,2006-01-17,2021-06-17
1194704221,individual,JUDY L HOWETT,,HOWETT,JUDY,L,FNP,F,363L00000X,163W00000X|363L00000X,230 MITCHELL ST,,MILLSBORO,DE,19966,199669402,3026482099,2006-01-17,2017-01-31
1275513368,organization,"THE BACK CLINIC, INC.","THE BACK CLINIC, INC.",,,,,,261QP2000X,261QP2000X,5550 KIRKWOOD HWY,,WILMINGTON,DE,19808,198085002,3029952100,2006-01-17,2024-12-10
1184604274,individual,ANTHONY D ALFIERI,,ALFIERI,ANTHONY,D,D.O.,M,207RC0000X,207RC0000X,39 OMEGA DR BLDG G,,NEWARK,DE,19713,197132059,3027310001,2006-01-17,2020-11-23
1457331407,individual,DEIRDRE ANNE TEAFORD,,TEAFORD,DEIRDRE,ANNE,PH.D.,F,103TS0200X,103T00000X|103TS0200X,1502 SPRUCE AVE,,WILMINGTON,DE,19805,198052148,3029925574,2006-01-18,2014-10-21
1700866779,individual,PAUL COWAN,,COWAN,PAUL,,DO,M,207P00000X,207P00000X,424 SAVANNAH RD,,LEWES,DE,19958,19958,3026453296,2006-01-18,2026-07-13
1629058540,individual,LEONIDAS W RAISIS,,RAISIS,LEONIDAS,W,MD,M,207X00000X,207X00000X|207XS0114X,4745 OGLETOWN STANTON RD STE 225,,NEWARK,DE,19713,197131387,3027312888,2006-01-18,2024-01-25
1346220266,organization,"FIRST STATE ORTHOPAEDICS, PA","FIRST STATE ORTHOPAEDICS, PA",,,,,,207X00000X,174400000X|207L00000X|207LP2900X|207QS0010X|207X00000X|207XS0106X|207XS0114X|207XS0117X|207XX0004X|207XX0005X|207XX0801X|208100000X|208VP0014X|213E00000X|225100000X,4745 OGLETOWN STANTON RD STE 225,,NEWARK,DE,19713,197131340,3027312888,2006-01-18,2026-03-11
1134109101,individual,JOHN J DALY,,DALY,JOHN,J,M.D.,M,207Q00000X,207Q00000X,2502 SILVERSIDE RD,SUITE 2,WILMINGTON,DE,19810,198103740,3024790500,2006-01-18,2025-09-29
1881674836,organization,ROXANA VOLUNTEER FIRE COMPANY,ROXANA VOLUNTEER FIRE COMPANY,,,,,,341600000X,341600000X,35943 ZION CHURCH RD,,FRANKFORD,DE,19945,199454500,3022833300,2006-01-18,2026-06-30
1679553580,individual,DAVID T SOWA,,SOWA,DAVID,T,MD,M,207XS0106X,207X00000X|207XS0106X,4051 OGLETOWN RD STE 103,,NEWARK,DE,19713,197133101,3027312888,2006-01-18,2024-01-25
1760462683,individual,STEPHEN L HERSHEY,,HERSHEY,STEPHEN,L,MD,M,207X00000X,207X00000X,3 WINDING WAY,,WILMINGTON,DE,19807,198071749,3025710720,2006-01-18,2016-05-17
1023098944,individual,TODD T MILLER,,MILLER,TODD,T,PA C,M,363AS0400X,363A00000X|363AS0400X,4745 OGLETOWN STANTON RD,SUITE 225,NEWARK,DE,19713,19713,3027312888,2006-01-18,2014-04-28
1104806025,individual,ALEX B BODENSTAB,,BODENSTAB,ALEX,B,MD,M,207XS0114X,207X00000X|207XS0114X,4745 OGLETOWN STANTON RD STE 225,,NEWARK,DE,19713,197131387,3027312888,2006-01-18,2024-01-25
1821078742,individual,NORMAN BELAIR,,BELAIR,NORMAN,,PA C,M,363AS0400X,363AS0400X,4755 OGLETOWN STANTON RD STE 2670,,NEWARK,DE,19718,197182200,3027332438,2006-01-18,2019-01-23
1558341461,individual,JOAN E STEINHARDT,,STEINHARDT,JOAN,E,PAC,F,363A00000X,363A00000X|363AS0400X,3105 LIMESTONE RD,SUITE 301,WILMINGTON,DE,19808,198082147,3026331700,2006-01-18,2023-03-07
1508846411,organization,"FIRST STATE SURGERY CENTER, LLC","FIRST STATE SURGERY CENTER, LLC",,,,,,261QA1903X,261QA1903X,1000 TWIN C LANE,SUITE 200,NEWARK,DE,19713,19713,3026830700,2006-01-18,2020-09-17
1598745408,individual,EVAN H CRAIN,,CRAIN,EVAN,H,MD,M,207XX0005X,207X00000X|207XX0005X,4051 OGLETOWN RD STE 103,,NEWARK,DE,19713,197133101,3027312888,2006-01-18,2024-01-25
1407836315,organization,"SPINE CARE DELAWARE, LLC","SPINE CARE DELAWARE, LLC",,,,,,261QA1903X,261QA1903X,4102 OGLETOWN STANTON RD STE B,,NEWARK,DE,19713,197134183,3028941900,2006-01-18,2026-08-05
1033199948,individual,BONNIE O OCONNOR,,OCONNOR,BONNIE,O,PA C,F,363AS0400X,363A00000X|363AS0400X,4745 OGLETOWN STANTON RD,SUITE 225,NEWARK,DE,19713,19713,3027312888,2006-01-18,2014-04-28
1699755678,individual,VERONICA FARMER WILBUR,,WILBUR,VERONICA,FARMER,PHD APRN-FNP,F,363LF0000X,363LF0000X,1400 PHILADELPHIA PIKE STE A4,,WILMINGTON,DE,19809,198091856,3023756746,2006-01-18,2019-05-02
1427038280,individual,JEFFREY I JACKERSON,,JACKERSON,JEFFREY,I,D.O.,M,2085R0202X,2085R0202X,640 S STATE STREET,DEPT OF RADIOLOGY,DOVER,DE,19901,199013530,3026742202,2006-01-18,2012-03-01
1073593984,individual,DEBORAH L HUGHES,,HUGHES,DEBORAH,L,PA-C,F,363A00000X,363A00000X,4102 OGLETOWN STANTON RD STE B,,NEWARK,DE,19713,197134183,3027312888,2006-01-18,2024-01-25
1053391953,individual,JONATHAN L PATTERSON,,PATTERSON,JONATHAN,L,M.D.,M,2085R0202X,2085R0202X|2085U0001X|2085B0100X|2085D0003X|2085P0229X,611 FEDERAL ST STE 4,,MILTON,DE,19968,199681157,3026845151,2006-01-18,2024-08-29
1184604951,individual,NALINI MOHAN ADVANI,,ADVANI,NALINI,MOHAN,MSPT,F,225100000X,225100000X,617 W NEWPORT PIKE,,WILMINGTON,DE,19804,198043235,3026830782,2006-01-18,2007-12-18
1285614727,individual,JAMES STEVEN MANLEY,,MANLEY,JAMES,STEVEN,M.D.,M,207VM0101X,207VM0101X,1 CENTURIAN DR,SUITE 312,NEWARK,DE,19713,197132137,3023195680,2006-01-19,2024-01-02
1427038132,individual,LINDA DEFEO,,DEFEO,LINDA,,MD,F,207P00000X,207P00000X,424 SAVANNAH RD,,LEWES,DE,19958,19958,3026453295,2006-01-19,2007-10-25
1356321087,individual,VENKATARAMAN R SUKUMAR,,SUKUMAR,VENKATARAMAN,R,M.D.,M,207ZP0102X,207ZP0102X,1253 COLLEGE PARK DR,,DOVER,DE,19904,199048713,3026770000,2006-01-19,2026-05-29
1760462410,individual,ZOHREH ZAKI,,ZAKI,ZOHREH,,M.D.,F,207ZP0102X,207ZP0102X,1253 COLLEGE PARK DR,,DOVER,DE,19904,199048713,3026770000,2006-01-19,2007-10-11
1629058201,individual,NICHOLAS J PETRELLI,,PETRELLI,NICHOLAS,J,MD,M,2086X0206X,2086X0206X,4701 OGLETOWN STANTON RD,SUITE 1213,NEWARK,DE,19713,197132055,3026234550,2006-01-19,2021-12-21
1437139011,individual,JUDITH T MARCUS,,MARCUS,JUDITH,T,MD,F,2084P0800X,2084P0800X,205 W 14TH ST,SUITE 100,WILMINGTON,DE,19801,198011114,3024282100,2006-01-19,2013-04-01
1346220928,individual,NORMAN BROUDY,,BROUDY,NORMAN,,MD,M,2084P0800X,2084P0800X,501 W 14TH ST,3RD FLOOR,WILMINGTON,DE,19801,198011013,3024282100,2006-01-19,2008-06-19
1851371447,individual,NIDIA DEYANEZ,,DEYANEZ,NIDIA,,MD,F,2084P0800X,2084P0800X,2401 PENNSYLVANIA AVE,STE 110,WILMINGTON,DE,19806,198061401,3026552991,2006-01-19,2009-04-14
1437139029,individual,MICHELE CAVANAUGH,,CAVANAUGH,MICHELE,,APRN,F,363LP0808X,363LP0808X,501 W 14TH ST,3RD FLOOR,WILMINGTON,DE,19801,198011013,3024282100,2006-01-19,2008-06-19
1871573469,individual,RHONEISE Y BARNETT-SMITH,,BARNETT-SMITH,RHONEISE,Y,MD,F,207Q00000X,207Q00000X,121 BECKS WOODS DR,SUITE 100,BEAR,DE,19701,197013851,3028368200,2006-01-19,2015-04-09
1043290638,individual,JANET BROWN,,BROWN,JANET,,APRN,F,363LP0808X,363LP0808X|364SP0809X,205 W 14TH ST,SUITE 100,WILMINGTON,DE,19801,198011114,3024212100,2006-01-19,2011-10-11
1770563363,individual,KATHRYN POPPITI,,POPPITI,KATHRYN,,LPC,F,101YP2500X,101YP2500X,501 W 14TH ST,3RD FLOOR,WILMINGTON,DE,19801,198011013,3024282100,2006-01-19,2007-07-08
1861472466,individual,MARY SWEENEY,,SWEENEY,MARY,,LPC,F,101YP2500X,101YP2500X,501 W 14TH ST,,WILMINGTON,DE,19801,198011013,3024282100,2006-01-19,2008-06-25
1932189727,individual,SAMUEL EARL WILSON,,WILSON,SAMUEL,EARL,MD,M,207L00000X,207L00000X|207LP3000X,1600 ROCKLAND ROAD,,WILMINGTON,DE,19803,198033607,3026514000,2006-01-19,2020-07-31
1053391706,individual,BRADFORD L KLASSMAN,,KLASSMAN,BRADFORD,L,D.M.D.,M,1223P0300X,1223P0300X,1110 N BANCROFT PKWY,,WILMINGTON,DE,19805,198052669,3026587871,2006-01-19,2019-10-22
1093795759,individual,MARIAM C MAMMEN,,MAMMEN,MARIAM,C,MD,F,2084P0800X,2084P0800X,501 W 14TH ST,"WILMINGTON HOSPITAL, DEPARTMENT OF PSYCHIATRY",WILMINGTON,DE,19801,198011013,3024282100,2006-01-19,2013-04-01
1457331118,individual,JANICE HEINSSEN,,HEINSSEN,JANICE,,FNP,F,363L00000X,363L00000X,1400 WASHINGTON ST,WILMINGTON HOSPITAL ANNEX,WILMINGTON,DE,19801,198011024,3022551300,2006-01-19,2012-02-13
1659351310,individual,RAMESH VEMULAPALLI,,VEMULAPALLI,RAMESH,,MD,M,207RI0200X,207RI0200X,"665 BAY ROAD, UNIT B",,DOVER,DE,19901,199013530,3026085300,2006-01-19,2026-07-24
1568442226,individual,SALVATORE F SALFI,,SALFI,SALVATORE,F,NP,M,363LP0808X,104100000X|363LP0808X,26351 PATRIOTS WAY,102 LLOYD LANE,GEORGETOWN,DE,19947,199472575,3029333420,2006-01-19,2013-12-12
1801876578,individual,DANIELLE JEROME,,JEROME,DANIELLE,,RD,F,133V00000X,133V00000X,232 STEEPLECHASE CIR,,WILMINGTON,DE,19808,198081977,3025983900,2006-01-19,2025-06-12
1629058391,individual,CHERYL A. PATTERSON,,PATTERSON,CHERYL,A.,RD,F,133N00000X,133N00000X|133V00000X,1600 ROCKLAND ROAD,,WILMINGTON,DE,19803,198033607,3026514200,2006-01-19,2012-01-05
1477533156,individual,GABRIELLE S MARLOW,,MARLOW,GABRIELLE,S,RD,F,133V00000X,133N00000X|133V00000X,501 W 14TH ST,WILMINGTON HOSPITAL GATEWAY BUILDING,WILMINGTON,DE,19801,198011013,3026613000,2006-01-19,2017-02-27
1275513954,organization,ORTHOPAEDIC & SPORTS PHYSIOTHERAPY P.A.,ORTHOPAEDIC & SPORTS PHYSIOTHERAPY P.A.,,,,,,225100000X,225100000X,617 W NEWPORT PIKE,,WILMINGTON,DE,19804,198043235,3026830782,2006-01-19,2007-12-17
1073593752,individual,MARY C SULLIVAN,,SULLIVAN,MARY,C,NP,F,363L00000X,363L00000X,1508 PENNSYLVANIA AVE STE 2A,,WILMINGTON,DE,19806,198064339,3024684500,2006-01-19,2021-09-01
1306826706,individual,RICHARD S LOHKAMP,,LOHKAMP,RICHARD,S,PA C,M,363A00000X,363A00000X,4745 OGLETOWN STANTON RD STE 225,,NEWARK,DE,19713,197131387,3027312888,2006-01-20,2024-01-25
1841270246,individual,MICHAEL J PUSHKAREWICZ,,PUSHKAREWICZ,MICHAEL,J,MD,M,207X00000X,207X00000X,4745 OGLETOWN STANTON RD,SUITE 225,NEWARK,DE,19713,197132067,3027312888,2006-01-20,2018-10-05
1598745945,organization,"KIGGUNDU RADIATION THERAPY, PA","KIGGUNDU RADIATION THERAPY, PA",,,,,,2085R0001X,2085R0001X,801 MIDDLEFORD RD,,SEAFORD,DE,19973,199733636,3026296611,2006-01-20,2019-07-12
1750361135,individual,CYNTHIA JEAN LOWE,,LOWE,CYNTHIA,JEAN,MD,F,207Q00000X,207Q00000X,1008 KINGS HIGHWAY,,LEWES,DE,19958,199581932,3026453499,2006-01-20,2024-10-24
1114907367,individual,WENDY K OTTENBACHER,,OTTENBACHER,WENDY,K,M.D.,F,207P00000X,207P00000X,701 N CLAYTON ST,,WILMINGTON,DE,19805,198053165,3024214333,2006-01-21,2012-05-22
1780664953,organization,PENINSULA HOME CARE AT NANTICOKE LLC,PENINSULA HOME CARE AT NANTICOKE LLC,,,,,,251E00000X,251E00000X,10252 STONE CREEK DR UNIT 3,,LAUREL,DE,19956,199564706,3026919898,2006-01-21,2025-05-05
1457321606,individual,JOSEPH L. CORNATZER,,CORNATZER,JOSEPH,L.,D.M.D.,M,1223G0001X,1223G0001X,7197 LANCASTER PIKE,,HOCKESSIN,DE,19707,197079270,3022395917,2006-01-23,2007-07-08
1013987221,individual,TIMOTHY JOHN CIOLKOSZ,,CIOLKOSZ,TIMOTHY,JOHN,DC,M,111N00000X,111N00000X,3105 LIMESTONE RD,SUITE303,WILMINGTON,DE,19808,198082147,3029939113,2006-01-23,2012-10-10
1164492385,individual,NEETA TRIPATHI,,TRIPATHI,NEETA,,MD,F,207RC0000X,207RC0000X,4755 OGLETOWN STANTON RD STE 1070,,NEWARK,DE,19718,197182200,3027331663,2006-01-23,2023-10-16
1396715512,individual,HOWARD B STROMWASSER,,STROMWASSER,HOWARD,B,O.D.,M,152W00000X,152WC0802X|152W00000X,210 SUBURBAN DR,,NEWARK,DE,19711,197113596,3023684424,2006-01-23,2007-11-15
1811967953,organization,FELTON COMMUNITY FIRE COMPANY INC,FELTON COMMUNITY FIRE COMPANY INC,,,,,,3416L0300X,3416L0300X,9 E MAIN ST,,FELTON,DE,19943,19943,3022844800,2006-01-23,2025-01-29
1528048709,individual,BRIJENDRA KUMAR,,KUMAR,BRIJENDRA,,MD,M,207R00000X,207R00000X,111 CONTINENTAL DR,SUITE 406,NEWARK,DE,19713,197134306,3023682630,2006-01-23,2014-04-17
1932189131,individual,DIANA DICKSON-WITMER,,DICKSON-WITMER,DIANA,,M.D.,F,174400000X,174400000X,1504 N BROOM ST,SUITE 2,WILMINGTON,DE,19806,198063087,3026561882,2006-01-23,2017-11-29
1477533677,individual,DENNIS R WITMER,,WITMER,DENNIS,R,MD,M,174400000X,174400000X,4735 OGLETOWN STANTON ROAD,SUITE 3301,NEWARK,DE,19713,197132067,3026234370,2006-01-23,2015-11-20
1811977093,individual,JOANNE BRICE,,BRICE,JOANNE,,MD,F,207R00000X,207R00000X,4735 OGLETOWN STANTON RD,"MAP 2, SUITE 2201",NEWARK,DE,19713,197132072,3023661868,2006-01-23,2014-12-03
1932189123,individual,KENNETH NUKUNA,,NUKUNA,KENNETH,,MD,M,207R00000X,207R00000X,111 CONTINENTAL DR,SUITE 406,NEWARK,DE,19713,197134306,3023682630,2006-01-23,2020-01-30
1336119346,individual,GLEN DAVID GREENBERG,,GREENBERG,GLEN,DAVID,PHD,M,103G00000X,103G00000X|103TC0700X,774 CHRISTIANA RD STE 201A,,NEWARK,DE,19713,197134221,6105660501,2006-01-23,2018-04-30
1700856507,organization,ADVANCED ALERT L.L.C.,ADVANCED ALERT L.L.C.,,,,,,332B00000X,332B00000X,37854 SWANN DRIVE,,SELBYVILLE,DE,19975,19975,3204369406,2006-01-24,2014-10-13
1598735573,individual,ELIZABETH BESSIE CLUFF,,CLUFF,ELIZABETH,BESSIE,O.D.,F,152W00000X,152W00000X,401 E MAIN ST,ASHLEY PLAZA,MIDDLETOWN,DE,19709,197091491,3023788818,2006-01-24,2010-03-02
1649240623,organization,NEW ERA OPTICAL INC,NEW ERA OPTICAL INC,,,,,,152W00000X,152W00000X,350 NEW CHURCHMANS RD,SUITE B,NEW CASTLE,DE,19720,197203112,3023250180,2006-01-24,2010-06-08
1003886904,individual,MARTHA CZYMMEK,,CZYMMEK,MARTHA,,RD,F,133V00000X,133V00000X,4701 OGLETOWN-STANTON ROAD,SUITE 1213,NEWARK,DE,19713,19713,3026234550,2006-01-24,2008-06-20
1518937465,individual,ADAM P PARIS,,PARIS,ADAM,P,PT,M,225100000X,225100000X,17425 OCEAN ONE PLZ UNIT 4,,LEWES,DE,19958,199581924,8002431455,2006-01-24,2024-10-07
1134199029,individual,CYNTHIA S KNIGHT,,KNIGHT,CYNTHIA,S,APRN,F,363L00000X,363L00000X,1 CEDAR AVE,,SEAFORD,DE,19973,199733300,3026292366,2006-01-24,2008-05-23
1285604033,organization,FS TENANT POOL II TRUST,FS TENANT POOL II TRUST,,,,,,314000000X,314000000X,1912 MARSH RD,,WILMINGTON,DE,19810,198103900,3025291600,2006-01-25,2019-03-28
1235109000,individual,QING LIU,,LIU,QING,,MD,F,207R00000X,207R00000X,111 CONTINENTAL DR,SUITE 406,NEWARK,DE,19713,197134306,3023682630,2006-01-25,2014-04-24
1699745448,organization,"AMERICAN HOMEPATIENT, INC.","AMERICAN HOMEPATIENT, INC.",,,,,,332B00000X,103TH0100X|332B00000X|332BP3500X|332BX2000X,701 INTERCHANGE BLVD,,NEWARK,DE,19711,197113594,3024544941,2006-01-25,2025-10-16
1154391928,individual,JAMES E RUETHER,,RUETHER,JAMES,E,MD,M,207R00000X,207R00000X,200 HYGEIA DRIVE,SUITE 2100,NEWARK,DE,19713,197132049,3026230188,2006-01-25,2011-06-08
1396715959,individual,GEOFFREY PETER GUSTAVSEN,,GUSTAVSEN,GEOFFREY,PETER,M.D.,M,207QS0010X,207QS0010X,282 THE GRN,,NEWARK,DE,19716,197160009,3028312227,2006-01-25,2016-01-26
1942270707,individual,DAVID L AMATO,,AMATO,DAVID,L,DO,M,207R00000X,207R00000X,111 CONTINENTAL DR,SUITE 406,NEWARK,DE,19713,197134306,3023682630,2006-01-25,2014-04-18
1811967490,organization,DELAWARE EYE M.D'S ASSOCIATES,DELAWARE EYE M.D'S ASSOCIATES,,,,,,207W00000X,207W00000X,2055 LIMESTONE RD,SUITE 102,WILMINGTON,DE,19808,198085536,3029920430,2006-01-25,2020-04-24
1023088333,individual,LAURA L. OLIVER,,OLIVER,LAURA,L.,PA-C,F,363AS0400X,363AS0400X|363A00000X,3401 BRANDYWINE PKWY,STE 101,WILMINGTON,DE,19803,198031554,3026333555,2006-01-26,2015-11-19
1871563114,individual,JUDITH RIPPERT,,RIPPERT,JUDITH,,D.O.,F,207RC0000X,207RC0000X,200 BANNING ST,SUITE 340,DOVER,DE,19904,199043485,3027341414,2006-01-26,2009-09-15
1184694531,organization,CHRISTIANA CARE HEALTH SERVICES INC,CHRISTIANA CARE HEALTH SERVICES INC,,,,,,207R00000X,207R00000X|208100000X,4755 OGLETOWN STANTON RD,,NEWARK,DE,19718,197180001,3027331950,2006-01-26,2021-12-16
1104896596,organization,"CHRISTIANA CARE HEALTH SERVICES, INC","CHRISTIANA CARE HEALTH SERVICES, INC",,,,,,2084N0400X,2084N0400X,4755 OGLETOWN STANTON RD,,NEWARK,DE,19718,197180001,3027332536,2006-01-26,2021-12-13
1922078476,organization,CHRISTIANA CARE HEALTH SERVICES INC,CHRISTIANA CARE HEALTH SERVICES INC,,,,,,2085R0204X,2085R0204X|2086S0129X,4745 STANTON OGLETWN RD,,NEWARK,DE,19713,197132067,3026237200,2006-01-26,2026-06-08
1396715736,organization,CHRISTIANA CARE HEALTH SERVICES INC.,CHRISTIANA CARE HEALTH SERVICES INC.,,,,,,207RP1001X,207RP1001X,501 WEST 14TH STREET,,WILMINGTON,DE,19899,19899,3027335600,2006-01-26,2021-12-17
1194795443,individual,NANA ANKOMAH,,ANKOMAH,NANA,,M.D.,M,207R00000X,207R00000X,111 CONTINENTAL DR,SUITE 406,NEWARK,DE,19713,197134306,3023682630,2006-01-26,2008-02-07
1326018631,individual,VINAY R HOSMANE,,HOSMANE,VINAY,R,M.D.,M,207RC0000X,207R00000X|207RC0000X,5515 KIRKWOOD HWY,,WILMINGTON,DE,19808,198085001,3022923541,2006-01-26,2019-08-01
1144290453,individual,ASMA M. MIAN,,MIAN,ASMA,M.,M.D.,F,207R00000X,207R00000X,4755 OGLETOWN STANTON RD STE 5A43,,NEWARK,DE,19718,197182200,3026230188,2006-01-26,2024-10-16
1215907738,individual,MATTHEW J BURDAY,,BURDAY,MATTHEW,J,DO,M,207R00000X,207R00000X,501 W 14TH ST,ROOM 5225,WILMINGTON,DE,19801,198011013,3024284900,2006-01-26,2012-02-16
1003886326,individual,SURESH TRIVEDI,,TRIVEDI,SURESH,,M.D.,M,207R00000X,207R00000X,111 CONTINENTAL DR,SUITE 406,NEWARK,DE,19713,197134306,3023682630,2006-01-26,2008-02-07
1174593495,individual,HEATHER ZINZELLA COX,,COX,HEATHER,ZINZELLA,M.D.,F,207Q00000X,207Q00000X,30 HOLLY LN,,WILMINGTON,DE,19807,198071206,3028931281,2006-01-26,2015-08-03
1417927732,individual,GURMEET SINGH,,SINGH,GURMEET,,M.D.,M,207RC0000X,207RC0000X,1113 S STATE ST,SUITE 100,DOVER,DE,19901,199014112,3027347676,2006-01-26,2015-04-07
1346210887,individual,GEORGE DAVIS,,DAVIS,GEORGE,,MD,M,207RC0000X,207RC0000X,2101 FOULK RD,,WILMINGTON,DE,19810,198104710,3024758101,2006-01-26,2011-02-28
1962472316,organization,RIVERSIDE TRANSITIONAL CARE,RIVERSIDE TRANSITIONAL CARE,,,,,,314000000X,314000000X,700 W. LEA BLVD,,WILMINGTON,DE,19802,198022500,3027654400,2006-01-26,2008-11-17
1093785461,individual,NAPOLEON MANUBAY,,MANUBAY,NAPOLEON,,M.D.,M,207Q00000X,207Q00000X,2601 ANNAND DR,SUITE 13,WILMINGTON,DE,19808,198083719,3029956192,2006-01-26,2011-08-25
1902876394,organization,"CHRISTIANA CARE HEALTH SERVICES, INC","CHRISTIANA CARE HEALTH SERVICES, INC",,,,,,207RI0011X,207RC0000X|207RI0011X,501 W 14TH ST,,WILMINGTON,DE,19801,198011013,3027335600,2006-01-26,2026-06-08
1134190267,individual,JOSEPHINE ZALMAN,,ZALMAN,JOSEPHINE,,CRNA,F,367500000X,367500000X,111 CONTINENTAL DR,SUITE 412,NEWARK,DE,19713,19713,3027094497,2006-01-27,2018-06-06
1851362909,individual,AZHAR KHAN,,KHAN,AZHAR,,M.D.,M,207R00000X,207R00000X,4755 OGLETOWN STANTON RD STE 5A43,,NEWARK,DE,19718,197182200,3026230188,2006-01-27,2020-12-23
1417928565,individual,RAJINDER PRASAD,,PRASAD,RAJINDER,,M.D.,M,207RC0000X,207RC0000X,34453 KING STREET ROW,SUITE 2,LEWES,DE,19958,199584787,3026447676,2006-01-27,2026-01-27
1144291212,individual,PHILIP SCHWARTZ,,SCHWARTZ,PHILIP,,M.D.,M,207RR0500X,207RR0500X,1902 N SCOTT ST,RHEUMATOLOGY CONSULTANTS,WILMINGTON,DE,19806,198062358,3026550121,2006-01-27,2007-08-21
1295706570,individual,JASON J. ROSS,,ROSS,JASON,J.,MD,M,207W00000X,207W00000X|207WX0200X,18791 JOHN J WILLIAMS HWY STE 1,,REHOBOTH BEACH,DE,19971,199719435,3026452300,2006-01-27,2026-03-09
1811968068,individual,TERRI L JONES,,JONES,TERRI,L,RPH,F,183500000X,183500000X,38627 BENRO DR,,DELMAR,DE,19940,199403572,3029071010,2006-01-27,2011-10-04
1710958723,individual,HENRY DEGROOT,,DEGROOT,HENRY,,M.D.,M,207X00000X,207X00000X,100 WELLNESS WAY,,MILFORD,DE,19963,199634364,3025032300,2006-01-28,2024-10-31
1902877996,individual,ROBERT A STEELE,,STEELE,ROBERT,A,MD,M,207XX0004X,207X00000X|207XX0004X,4745 OGLETOWN STANTON RD,SUITE 225,NEWARK,DE,19713,19713,3027312888,2006-01-30,2014-04-28
1215908900,individual,CYNTHIA JONES,,JONES,CYNTHIA,,NP,F,363L00000X,363L00000X,220 CONTINENTAL DR STE 407,,NEWARK,DE,19713,197134315,3025333800,2006-01-30,2022-09-22
1871564856,individual,BRUCE J RUDIN,,RUDIN,BRUCE,J,MD,M,207XS0117X,207X00000X|207XS0117X,4102 OGLETOWN STANTON RD STE B,,NEWARK,DE,19713,197134183,3028941900,2006-01-30,2018-10-05
1841261823,individual,WILLIAM A NEWCOMB,,NEWCOMB,WILLIAM,A,MD,M,207XX0004X,207X00000X|207XX0004X,4745 OGLETOWN STANTON RD,STE 225,NEWARK,DE,19713,19713,3027312888,2006-01-30,2009-12-10
1578534558,individual,MICHAEL J AXE,,AXE,MICHAEL,J,MD,M,207XX0005X,207X00000X|207XX0005X,4745 OGLETOWN STANTON RD,STE 225,NEWARK,DE,19713,197132067,3027312888,2006-01-30,2018-10-05
